"month","UF","admissions","dismissals","source"
"2007-01","AC",1237,1556,"CAGED"
"2007-01","AL",6858,9420,"CAGED"
"2007-01","AM",12655,11801,"CAGED"
"2007-01","AP",1268,1425,"CAGED"
"2007-01","BA",41989,38516,"CAGED"
"2007-01","CE",22269,26625,"CAGED"
"2007-01","DF",16997,16721,"CAGED"
"2007-01","ES",26042,24212,"CAGED"
"2007-01","GO",39985,29693,"CAGED"
"2007-01","MA",8426,8678,"CAGED"
"2007-01","MG",132685,125451,"CAGED"
"2007-01","MS",18265,13447,"CAGED"
"2007-01","MT",23249,16629,"CAGED"
"2007-01","PA",17678,19618,"CAGED"
"2007-01","PB",6630,13033,"CAGED"
"2007-01","PE",24520,34242,"CAGED"
"2007-01","PI",4746,4677,"CAGED"
"2007-01","PR",82992,74128,"CAGED"
"2007-01","RJ",94165,93976,"CAGED"
"2007-01","RN",11840,14467,"CAGED"
"2007-01","RO",5685,5555,"CAGED"
"2007-01","RR",654,552,"CAGED"
"2007-01","RS",82548,67628,"CAGED"
"2007-01","SC",73558,59169,"CAGED"
"2007-01","SE",5573,5458,"CAGED"
"2007-01","SP",377717,318545,"CAGED"
"2007-01","TO",3812,3353,"CAGED"
"2007-02","AC",1198,1248,"CAGED"
"2007-02","AL",4704,15601,"CAGED"
"2007-02","AM",11631,10907,"CAGED"
"2007-02","AP",1499,1169,"CAGED"
"2007-02","BA",35906,34300,"CAGED"
"2007-02","CE",21180,21769,"CAGED"
"2007-02","DF",16809,18240,"CAGED"
"2007-02","ES",26028,25804,"CAGED"
"2007-02","GO",36418,28403,"CAGED"
"2007-02","MA",8624,6731,"CAGED"
"2007-02","MG",133944,116492,"CAGED"
"2007-02","MS",15464,12829,"CAGED"
"2007-02","MT",24568,16308,"CAGED"
"2007-02","PA",17982,16149,"CAGED"
"2007-02","PB",6409,7745,"CAGED"
"2007-02","PE",20808,36996,"CAGED"
"2007-02","PI",4468,4845,"CAGED"
"2007-02","PR",87804,73847,"CAGED"
"2007-02","RJ",86942,77722,"CAGED"
"2007-02","RN",9173,10804,"CAGED"
"2007-02","RO",6384,5537,"CAGED"
"2007-02","RR",717,589,"CAGED"
"2007-02","RS",83624,69981,"CAGED"
"2007-02","SC",77296,62613,"CAGED"
"2007-02","SE",5636,4923,"CAGED"
"2007-02","SP",388607,305197,"CAGED"
"2007-02","TO",3914,2969,"CAGED"
"2007-03","AC",1550,1263,"CAGED"
"2007-03","AL",5162,21707,"CAGED"
"2007-03","AM",13330,10671,"CAGED"
"2007-03","AP",1245,1173,"CAGED"
"2007-03","BA",46783,38817,"CAGED"
"2007-03","CE",21169,21369,"CAGED"
"2007-03","DF",18706,21785,"CAGED"
"2007-03","ES",31090,26183,"CAGED"
"2007-03","GO",39347,32250,"CAGED"
"2007-03","MA",8306,7369,"CAGED"
"2007-03","MG",157399,133356,"CAGED"
"2007-03","MS",21278,15755,"CAGED"
"2007-03","MT",23978,20734,"CAGED"
"2007-03","PA",18666,19035,"CAGED"
"2007-03","PB",7140,7112,"CAGED"
"2007-03","PE",24395,25590,"CAGED"
"2007-03","PI",4562,4687,"CAGED"
"2007-03","PR",102251,82161,"CAGED"
"2007-03","RJ",101394,90698,"CAGED"
"2007-03","RN",10750,11912,"CAGED"
"2007-03","RO",6861,5693,"CAGED"
"2007-03","RR",676,593,"CAGED"
"2007-03","RS",96385,87459,"CAGED"
"2007-03","SC",76477,71726,"CAGED"
"2007-03","SE",5665,7200,"CAGED"
"2007-03","SP",406976,339753,"CAGED"
"2007-03","TO",4089,3438,"CAGED"
"2007-04","AC",1489,1092,"CAGED"
"2007-04","AL",6388,13180,"CAGED"
"2007-04","AM",13369,10207,"CAGED"
"2007-04","AP",1090,970,"CAGED"
"2007-04","BA",46807,36215,"CAGED"
"2007-04","CE",22382,18349,"CAGED"
"2007-04","DF",17079,13232,"CAGED"
"2007-04","ES",32998,22205,"CAGED"
"2007-04","GO",39342,32013,"CAGED"
"2007-04","MA",9218,6903,"CAGED"
"2007-04","MG",157158,118385,"CAGED"
"2007-04","MS",18383,13870,"CAGED"
"2007-04","MT",25126,20040,"CAGED"
"2007-04","PA",18998,15516,"CAGED"
"2007-04","PB",7004,4900,"CAGED"
"2007-04","PE",27525,22790,"CAGED"
"2007-04","PI",4845,3699,"CAGED"
"2007-04","PR",100822,73344,"CAGED"
"2007-04","RJ",99945,80359,"CAGED"
"2007-04","RN",10505,9367,"CAGED"
"2007-04","RO",6203,4971,"CAGED"
"2007-04","RR",837,768,"CAGED"
"2007-04","RS",87689,72681,"CAGED"
"2007-04","SC",69487,59728,"CAGED"
"2007-04","SE",6406,5251,"CAGED"
"2007-04","SP",437390,307970,"CAGED"
"2007-04","TO",4466,2955,"CAGED"
"2007-05","AC",1356,1355,"CAGED"
"2007-05","AL",6505,6026,"CAGED"
"2007-05","AM",14240,12131,"CAGED"
"2007-05","AP",1593,1344,"CAGED"
"2007-05","BA",50013,40687,"CAGED"
"2007-05","CE",24628,21792,"CAGED"
"2007-05","DF",18785,18200,"CAGED"
"2007-05","ES",36066,30860,"CAGED"
"2007-05","GO",43582,34965,"CAGED"
"2007-05","MA",10238,7929,"CAGED"
"2007-05","MG",188493,135504,"CAGED"
"2007-05","MS",14946,15574,"CAGED"
"2007-05","MT",23770,21619,"CAGED"
"2007-05","PA",20892,18495,"CAGED"
"2007-05","PB",7367,5921,"CAGED"
"2007-05","PE",34007,22651,"CAGED"
"2007-05","PI",5496,4370,"CAGED"
"2007-05","PR",94443,78083,"CAGED"
"2007-05","RJ",98928,87778,"CAGED"
"2007-05","RN",11917,10958,"CAGED"
"2007-05","RO",7629,6115,"CAGED"
"2007-05","RR",1077,672,"CAGED"
"2007-05","RS",77734,81116,"CAGED"
"2007-05","SC",65361,65481,"CAGED"
"2007-05","SE",5922,5846,"CAGED"
"2007-05","SP",423591,342124,"CAGED"
"2007-05","TO",4918,3684,"CAGED"
"2007-06","AC",1567,1113,"CAGED"
"2007-06","AL",6512,5165,"CAGED"
"2007-06","AM",13558,11216,"CAGED"
"2007-06","AP",1531,1544,"CAGED"
"2007-06","BA",47845,41167,"CAGED"
"2007-06","CE",23583,20916,"CAGED"
"2007-06","DF",17319,15868,"CAGED"
"2007-06","ES",27768,31044,"CAGED"
"2007-06","GO",38823,31587,"CAGED"
"2007-06","MA",10179,7709,"CAGED"
"2007-06","MG",178178,132098,"CAGED"
"2007-06","MS",14000,13702,"CAGED"
"2007-06","MT",24789,18636,"CAGED"
"2007-06","PA",21277,18367,"CAGED"
"2007-06","PB",6043,5738,"CAGED"
"2007-06","PE",29070,20216,"CAGED"
"2007-06","PI",5359,4759,"CAGED"
"2007-06","PR",84925,76459,"CAGED"
"2007-06","RJ",97551,84564,"CAGED"
"2007-06","RN",12152,9713,"CAGED"
"2007-06","RO",7001,5644,"CAGED"
"2007-06","RR",636,725,"CAGED"
"2007-06","RS",70220,71352,"CAGED"
"2007-06","SC",60745,57686,"CAGED"
"2007-06","SE",6760,5392,"CAGED"
"2007-06","SP",385646,320163,"CAGED"
"2007-06","TO",4572,3399,"CAGED"
"2007-07","AC",1631,1623,"CAGED"
"2007-07","AL",8225,5116,"CAGED"
"2007-07","AM",14219,11945,"CAGED"
"2007-07","AP",1779,1392,"CAGED"
"2007-07","BA",45354,38967,"CAGED"
"2007-07","CE",26276,19912,"CAGED"
"2007-07","DF",18350,16178,"CAGED"
"2007-07","ES",28229,26493,"CAGED"
"2007-07","GO",35912,33124,"CAGED"
"2007-07","MA",9625,8076,"CAGED"
"2007-07","MG",159531,158901,"CAGED"
"2007-07","MS",14660,16334,"CAGED"
"2007-07","MT",21872,19983,"CAGED"
"2007-07","PA",23480,16550,"CAGED"
"2007-07","PB",9153,6209,"CAGED"
"2007-07","PE",26261,24308,"CAGED"
"2007-07","PI",5083,4428,"CAGED"
"2007-07","PR",87636,77568,"CAGED"
"2007-07","RJ",98870,90133,"CAGED"
"2007-07","RN",14105,10169,"CAGED"
"2007-07","RO",7553,5932,"CAGED"
"2007-07","RR",842,763,"CAGED"
"2007-07","RS",73812,75502,"CAGED"
"2007-07","SC",64255,60940,"CAGED"
"2007-07","SE",5958,5289,"CAGED"
"2007-07","SP",383400,323993,"CAGED"
"2007-07","TO",4464,3715,"CAGED"
"2007-08","AC",1452,1505,"CAGED"
"2007-08","AL",7609,7109,"CAGED"
"2007-08","AM",14900,11554,"CAGED"
"2007-08","AP",1877,1561,"CAGED"
"2007-08","BA",46042,42558,"CAGED"
"2007-08","CE",31518,21936,"CAGED"
"2007-08","DF",19945,17287,"CAGED"
"2007-08","ES",27738,27016,"CAGED"
"2007-08","GO",38986,34222,"CAGED"
"2007-08","MA",10794,8401,"CAGED"
"2007-08","MG",160623,176904,"CAGED"
"2007-08","MS",15178,14390,"CAGED"
"2007-08","MT",22428,20367,"CAGED"
"2007-08","PA",22816,17096,"CAGED"
"2007-08","PB",11662,6759,"CAGED"
"2007-08","PE",36775,24570,"CAGED"
"2007-08","PI",5785,4925,"CAGED"
"2007-08","PR",90970,78934,"CAGED"
"2007-08","RJ",100934,91958,"CAGED"
"2007-08","RN",15415,10582,"CAGED"
"2007-08","RO",7312,6517,"CAGED"
"2007-08","RR",848,787,"CAGED"
"2007-08","RS",81382,80709,"CAGED"
"2007-08","SC",70038,62897,"CAGED"
"2007-08","SE",6586,5488,"CAGED"
"2007-08","SP",399069,340020,"CAGED"
"2007-08","TO",4841,4142,"CAGED"
"2007-09","AC",1288,1085,"CAGED"
"2007-09","AL",34553,5057,"CAGED"
"2007-09","AM",13858,11030,"CAGED"
"2007-09","AP",1438,1244,"CAGED"
"2007-09","BA",42962,36420,"CAGED"
"2007-09","CE",26267,18486,"CAGED"
"2007-09","DF",18124,14939,"CAGED"
"2007-09","ES",26724,23379,"CAGED"
"2007-09","GO",36909,32783,"CAGED"
"2007-09","MA",10252,7616,"CAGED"
"2007-09","MG",143817,141559,"CAGED"
"2007-09","MS",15715,13583,"CAGED"
"2007-09","MT",23298,20207,"CAGED"
"2007-09","PA",22137,17673,"CAGED"
"2007-09","PB",8864,5409,"CAGED"
"2007-09","PE",45085,21586,"CAGED"
"2007-09","PI",6279,4073,"CAGED"
"2007-09","PR",87477,73288,"CAGED"
"2007-09","RJ",99047,78407,"CAGED"
"2007-09","RN",15199,9354,"CAGED"
"2007-09","RO",6679,5747,"CAGED"
"2007-09","RR",773,521,"CAGED"
"2007-09","RS",78433,63447,"CAGED"
"2007-09","SC",66562,54838,"CAGED"
"2007-09","SE",8232,5205,"CAGED"
"2007-09","SP",379820,302402,"CAGED"
"2007-09","TO",4495,3781,"CAGED"
"2007-10","AC",1301,1530,"CAGED"
"2007-10","AL",10692,6886,"CAGED"
"2007-10","AM",16350,11624,"CAGED"
"2007-10","AP",1662,1612,"CAGED"
"2007-10","BA",48146,41927,"CAGED"
"2007-10","CE",29872,23117,"CAGED"
"2007-10","DF",19918,15906,"CAGED"
"2007-10","ES",27752,27494,"CAGED"
"2007-10","GO",39219,37246,"CAGED"
"2007-10","MA",9686,8652,"CAGED"
"2007-10","MG",152556,138853,"CAGED"
"2007-10","MS",16798,14161,"CAGED"
"2007-10","MT",23751,23242,"CAGED"
"2007-10","PA",22563,19852,"CAGED"
"2007-10","PB",8831,5445,"CAGED"
"2007-10","PE",33892,26224,"CAGED"
"2007-10","PI",5794,3720,"CAGED"
"2007-10","PR",95495,82407,"CAGED"
"2007-10","RJ",102264,85809,"CAGED"
"2007-10","RN",13914,12168,"CAGED"
"2007-10","RO",6983,5927,"CAGED"
"2007-10","RR",896,755,"CAGED"
"2007-10","RS",93763,73645,"CAGED"
"2007-10","SC",81288,64818,"CAGED"
"2007-10","SE",6785,5713,"CAGED"
"2007-10","SP",405465,332347,"CAGED"
"2007-10","TO",5065,4361,"CAGED"
"2007-11","AC",1261,1409,"CAGED"
"2007-11","AL",6722,7678,"CAGED"
"2007-11","AM",14568,10867,"CAGED"
"2007-11","AP",1780,1415,"CAGED"
"2007-11","BA",42855,42464,"CAGED"
"2007-11","CE",26725,20035,"CAGED"
"2007-11","DF",18632,15968,"CAGED"
"2007-11","ES",26686,24676,"CAGED"
"2007-11","GO",35772,42066,"CAGED"
"2007-11","MA",9727,8814,"CAGED"
"2007-11","MG",142999,132035,"CAGED"
"2007-11","MS",17470,17364,"CAGED"
"2007-11","MT",18811,23799,"CAGED"
"2007-11","PA",20636,16804,"CAGED"
"2007-11","PB",7741,5967,"CAGED"
"2007-11","PE",30200,24779,"CAGED"
"2007-11","PI",5496,5218,"CAGED"
"2007-11","PR",88758,79775,"CAGED"
"2007-11","RJ",101308,79856,"CAGED"
"2007-11","RN",12305,11353,"CAGED"
"2007-11","RO",6132,6251,"CAGED"
"2007-11","RR",925,754,"CAGED"
"2007-11","RS",92341,72022,"CAGED"
"2007-11","SC",73897,60461,"CAGED"
"2007-11","SE",7392,5418,"CAGED"
"2007-11","SP",367153,336876,"CAGED"
"2007-11","TO",4356,3970,"CAGED"
"2007-12","AC",948,1595,"CAGED"
"2007-12","AL",5243,6733,"CAGED"
"2007-12","AM",8882,15023,"CAGED"
"2007-12","AP",1279,1488,"CAGED"
"2007-12","BA",36549,40493,"CAGED"
"2007-12","CE",19964,21805,"CAGED"
"2007-12","DF",16275,16251,"CAGED"
"2007-12","ES",22460,25141,"CAGED"
"2007-12","GO",30415,45205,"CAGED"
"2007-12","MA",6688,8707,"CAGED"
"2007-12","MG",113172,142619,"CAGED"
"2007-12","MS",11742,20968,"CAGED"
"2007-12","MT",13213,22733,"CAGED"
"2007-12","PA",16084,20051,"CAGED"
"2007-12","PB",5936,6385,"CAGED"
"2007-12","PE",21429,23667,"CAGED"
"2007-12","PI",3874,4485,"CAGED"
"2007-12","PR",63809,95027,"CAGED"
"2007-12","RJ",87435,82737,"CAGED"
"2007-12","RN",9109,10533,"CAGED"
"2007-12","RO",4912,7112,"CAGED"
"2007-12","RR",641,701,"CAGED"
"2007-12","RS",68268,76333,"CAGED"
"2007-12","SC",51196,66173,"CAGED"
"2007-12","SE",5013,5960,"CAGED"
"2007-12","SP",280445,454350,"CAGED"
"2007-12","TO",3147,5267,"CAGED"
"2008-01","AC",1756,2166,"CAGED"
"2008-01","AL",6270,7449,"CAGED"
"2008-01","AM",14124,13284,"CAGED"
"2008-01","AP",1311,1603,"CAGED"
"2008-01","BA",47566,44852,"CAGED"
"2008-01","CE",25347,30252,"CAGED"
"2008-01","DF",19766,19014,"CAGED"
"2008-01","ES",28498,26731,"CAGED"
"2008-01","GO",45502,34345,"CAGED"
"2008-01","MA",9504,8950,"CAGED"
"2008-01","MG",146832,136377,"CAGED"
"2008-01","MS",21722,17636,"CAGED"
"2008-01","MT",26572,19888,"CAGED"
"2008-01","PA",20439,20808,"CAGED"
"2008-01","PB",7705,7387,"CAGED"
"2008-01","PE",28109,30776,"CAGED"
"2008-01","PI",4818,4801,"CAGED"
"2008-01","PR",99429,87112,"CAGED"
"2008-01","RJ",102461,102644,"CAGED"
"2008-01","RN",11661,13570,"CAGED"
"2008-01","RO",6563,6028,"CAGED"
"2008-01","RR",1071,786,"CAGED"
"2008-01","RS",101674,82645,"CAGED"
"2008-01","SC",84953,67401,"CAGED"
"2008-01","SE",6694,6650,"CAGED"
"2008-01","SP",434228,369116,"CAGED"
"2008-01","TO",4347,3730,"CAGED"
"2008-02","AC",1806,1679,"CAGED"
"2008-02","AL",5583,8111,"CAGED"
"2008-02","AM",14091,13594,"CAGED"
"2008-02","AP",1515,1562,"CAGED"
"2008-02","BA",43998,43188,"CAGED"
"2008-02","CE",24957,26500,"CAGED"
"2008-02","DF",21619,17963,"CAGED"
"2008-02","ES",32037,27813,"CAGED"
"2008-02","GO",46287,34610,"CAGED"
"2008-02","MA",9382,8367,"CAGED"
"2008-02","MG",161413,133621,"CAGED"
"2008-02","MS",21022,16992,"CAGED"
"2008-02","MT",29480,20476,"CAGED"
"2008-02","PA",21481,20558,"CAGED"
"2008-02","PB",7606,13666,"CAGED"
"2008-02","PE",26699,31469,"CAGED"
"2008-02","PI",5110,4955,"CAGED"
"2008-02","PR",106061,91331,"CAGED"
"2008-02","RJ",101869,91581,"CAGED"
"2008-02","RN",11592,14653,"CAGED"
"2008-02","RO",7427,6819,"CAGED"
"2008-02","RR",1061,959,"CAGED"
"2008-02","RS",105541,85461,"CAGED"
"2008-02","SC",91470,78521,"CAGED"
"2008-02","SE",6993,5730,"CAGED"
"2008-02","SP",466625,367973,"CAGED"
"2008-02","TO",4183,3793,"CAGED"
"2008-03","AC",1668,1591,"CAGED"
"2008-03","AL",5082,23578,"CAGED"
"2008-03","AM",15031,12977,"CAGED"
"2008-03","AP",1551,1380,"CAGED"
"2008-03","BA",51697,41102,"CAGED"
"2008-03","CE",26097,23124,"CAGED"
"2008-03","DF",23486,17985,"CAGED"
"2008-03","ES",33046,28395,"CAGED"
"2008-03","GO",45415,36483,"CAGED"
"2008-03","MA",10608,9360,"CAGED"
"2008-03","MG",172647,139626,"CAGED"
"2008-03","MS",22682,17772,"CAGED"
"2008-03","MT",26738,23712,"CAGED"
"2008-03","PA",21205,22652,"CAGED"
"2008-03","PB",7413,10918,"CAGED"
"2008-03","PE",27494,36176,"CAGED"
"2008-03","PI",5495,5045,"CAGED"
"2008-03","PR",117350,92265,"CAGED"
"2008-03","RJ",117992,99109,"CAGED"
"2008-03","RN",12230,11417,"CAGED"
"2008-03","RO",7509,7008,"CAGED"
"2008-03","RR",1202,891,"CAGED"
"2008-03","RS",113092,94618,"CAGED"
"2008-03","SC",85495,79591,"CAGED"
"2008-03","SE",6340,6369,"CAGED"
"2008-03","SP",469995,379413,"CAGED"
"2008-03","TO",4580,4027,"CAGED"
"2008-04","AC",1494,1312,"CAGED"
"2008-04","AL",5891,16307,"CAGED"
"2008-04","AM",14650,11869,"CAGED"
"2008-04","AP",1800,1338,"CAGED"
"2008-04","BA",55627,43637,"CAGED"
"2008-04","CE",24187,23302,"CAGED"
"2008-04","DF",22059,17030,"CAGED"
"2008-04","ES",35766,27563,"CAGED"
"2008-04","GO",53816,39073,"CAGED"
"2008-04","MA",12073,9164,"CAGED"
"2008-04","MG",179540,143946,"CAGED"
"2008-04","MS",22096,19504,"CAGED"
"2008-04","MT",28573,25167,"CAGED"
"2008-04","PA",21569,19600,"CAGED"
"2008-04","PB",7487,6639,"CAGED"
"2008-04","PE",27726,31755,"CAGED"
"2008-04","PI",5671,4294,"CAGED"
"2008-04","PR",117384,91037,"CAGED"
"2008-04","RJ",115025,94201,"CAGED"
"2008-04","RN",12052,11656,"CAGED"
"2008-04","RO",7357,6674,"CAGED"
"2008-04","RR",1318,955,"CAGED"
"2008-04","RS",105505,91927,"CAGED"
"2008-04","SC",81739,74152,"CAGED"
"2008-04","SE",6995,6672,"CAGED"
"2008-04","SP",530394,385455,"CAGED"
"2008-04","TO",5364,4407,"CAGED"
"2008-05","AC",2115,1299,"CAGED (legacy file)"
"2008-05","AL",6220,13865,"CAGED (legacy file)"
"2008-05","AM",15307,13266,"CAGED (legacy file)"
"2008-05","AP",1745,1531,"CAGED (legacy file)"
"2008-05","BA",57099,43480,"CAGED (legacy file)"
"2008-05","CE",27177,23667,"CAGED (legacy file)"
"2008-05","DF",20525,19753,"CAGED (legacy file)"
"2008-05","ES",41323,30319,"CAGED (legacy file)"
"2008-05","GO",46808,40326,"CAGED (legacy file)"
"2008-05","MA",11466,9761,"CAGED (legacy file)"
"2008-05","MG",182405,144437,"CAGED (legacy file)"
"2008-05","MS",21846,18520,"CAGED (legacy file)"
"2008-05","MT",27225,24343,"CAGED (legacy file)"
"2008-05","PA",21996,19946,"CAGED (legacy file)"
"2008-05","PB",7179,6547,"CAGED (legacy file)"
"2008-05","PE",30053,25692,"CAGED (legacy file)"
"2008-05","PI",6170,4260,"CAGED (legacy file)"
"2008-05","PR",103012,86273,"CAGED (legacy file)"
"2008-05","RJ",111000,94805,"CAGED (legacy file)"
"2008-05","RN",12118,11267,"CAGED (legacy file)"
"2008-05","RO",7809,7680,"CAGED (legacy file)"
"2008-05","RR",913,1212,"CAGED (legacy file)"
"2008-05","RS",89188,86892,"CAGED (legacy file)"
"2008-05","SC",74638,70455,"CAGED (legacy file)"
"2008-05","SE",7045,6871,"CAGED (legacy file)"
"2008-05","SP",451610,375876,"CAGED (legacy file)"
"2008-05","TO",5597,4262,"CAGED (legacy file)"
"2008-06","AC",1958,1321,"CAGED"
"2008-06","AL",5825,5541,"CAGED"
"2008-06","AM",18127,12125,"CAGED"
"2008-06","AP",1856,1530,"CAGED"
"2008-06","BA",52442,46015,"CAGED"
"2008-06","CE",32364,22801,"CAGED"
"2008-06","DF",22768,18755,"CAGED"
"2008-06","ES",37474,36249,"CAGED"
"2008-06","GO",49804,37925,"CAGED"
"2008-06","MA",13719,10274,"CAGED"
"2008-06","MG",220247,146587,"CAGED"
"2008-06","MS",21464,17955,"CAGED"
"2008-06","MT",31142,21808,"CAGED"
"2008-06","PA",24800,19303,"CAGED"
"2008-06","PB",7862,6137,"CAGED"
"2008-06","PE",33264,21907,"CAGED"
"2008-06","PI",7173,4614,"CAGED"
"2008-06","PR",106497,92553,"CAGED"
"2008-06","RJ",117440,100319,"CAGED"
"2008-06","RN",14382,10940,"CAGED"
"2008-06","RO",7977,6597,"CAGED"
"2008-06","RR",901,1103,"CAGED"
"2008-06","RS",89983,81993,"CAGED"
"2008-06","SC",79031,70390,"CAGED"
"2008-06","SE",6921,5751,"CAGED"
"2008-06","SP",480371,377645,"CAGED"
"2008-06","TO",6259,4471,"CAGED"
"2008-07","AC",2059,1716,"CAGED"
"2008-07","AL",8032,5814,"CAGED"
"2008-07","AM",17873,14344,"CAGED"
"2008-07","AP",2046,1806,"CAGED"
"2008-07","BA",55941,49256,"CAGED"
"2008-07","CE",36363,25734,"CAGED"
"2008-07","DF",21585,20105,"CAGED"
"2008-07","ES",34291,32437,"CAGED"
"2008-07","GO",46436,41614,"CAGED"
"2008-07","MA",16108,10808,"CAGED"
"2008-07","MG",204001,172158,"CAGED"
"2008-07","MS",20609,21557,"CAGED"
"2008-07","MT",31110,25323,"CAGED"
"2008-07","PA",26179,22468,"CAGED"
"2008-07","PB",10665,7179,"CAGED"
"2008-07","PE",33388,27006,"CAGED"
"2008-07","PI",6729,5736,"CAGED"
"2008-07","PR",112894,99259,"CAGED"
"2008-07","RJ",124213,105199,"CAGED"
"2008-07","RN",16639,12296,"CAGED"
"2008-07","RO",9085,8177,"CAGED"
"2008-07","RR",1026,1218,"CAGED"
"2008-07","RS",96814,92292,"CAGED"
"2008-07","SC",81405,73820,"CAGED"
"2008-07","SE",7278,6498,"CAGED"
"2008-07","SP",474689,410624,"CAGED"
"2008-07","TO",5350,5146,"CAGED"
"2008-08","AC",1854,1508,"CAGED (legacy file)"
"2008-08","AL",8013,6507,"CAGED (legacy file)"
"2008-08","AM",18707,14073,"CAGED (legacy file)"
"2008-08","AP",2406,2022,"CAGED (legacy file)"
"2008-08","BA",54056,49263,"CAGED (legacy file)"
"2008-08","CE",33610,23663,"CAGED (legacy file)"
"2008-08","DF",23931,19665,"CAGED (legacy file)"
"2008-08","ES",33905,30385,"CAGED (legacy file)"
"2008-08","GO",47146,40184,"CAGED (legacy file)"
"2008-08","MA",14665,9850,"CAGED (legacy file)"
"2008-08","MG",186165,166395,"CAGED (legacy file)"
"2008-08","MS",20391,18829,"CAGED (legacy file)"
"2008-08","MT",28981,26010,"CAGED (legacy file)"
"2008-08","PA",27784,21845,"CAGED (legacy file)"
"2008-08","PB",15309,7118,"CAGED (legacy file)"
"2008-08","PE",39525,26158,"CAGED (legacy file)"
"2008-08","PI",7312,5194,"CAGED (legacy file)"
"2008-08","PR",107904,93209,"CAGED (legacy file)"
"2008-08","RJ",117877,100312,"CAGED (legacy file)"
"2008-08","RN",19318,12158,"CAGED (legacy file)"
"2008-08","RO",8796,7434,"CAGED (legacy file)"
"2008-08","RR",992,1064,"CAGED (legacy file)"
"2008-08","RS",95235,90421,"CAGED (legacy file)"
"2008-08","SC",82162,70011,"CAGED (legacy file)"
"2008-08","SE",8243,5829,"CAGED (legacy file)"
"2008-08","SP",474672,391079,"CAGED (legacy file)"
"2008-08","TO",5048,4697,"CAGED (legacy file)"
"2008-09","AC",1881,1661,"CAGED"
"2008-09","AL",42971,6219,"CAGED"
"2008-09","AM",19371,15294,"CAGED"
"2008-09","AP",2073,1785,"CAGED"
"2008-09","BA",54895,49582,"CAGED"
"2008-09","CE",31616,24020,"CAGED"
"2008-09","DF",21459,18584,"CAGED"
"2008-09","ES",32558,27344,"CAGED"
"2008-09","GO",48059,41976,"CAGED"
"2008-09","MA",13199,9034,"CAGED"
"2008-09","MG",190698,178658,"CAGED"
"2008-09","MS",20592,18406,"CAGED"
"2008-09","MT",30613,27217,"CAGED"
"2008-09","PA",26178,22634,"CAGED"
"2008-09","PB",10154,6587,"CAGED"
"2008-09","PE",64531,26389,"CAGED"
"2008-09","PI",7181,5063,"CAGED"
"2008-09","PR",113657,96253,"CAGED"
"2008-09","RJ",123318,100874,"CAGED"
"2008-09","RN",15743,11150,"CAGED"
"2008-09","RO",8871,7405,"CAGED"
"2008-09","RR",1161,1115,"CAGED"
"2008-09","RS",97900,87360,"CAGED"
"2008-09","SC",82778,70404,"CAGED"
"2008-09","SE",9387,5822,"CAGED"
"2008-09","SP",477837,405569,"CAGED"
"2008-09","TO",5890,5325,"CAGED"
"2008-10","AC",1925,1944,"CAGED"
"2008-10","AL",14744,8356,"CAGED"
"2008-10","AM",17394,17847,"CAGED"
"2008-10","AP",2224,1700,"CAGED"
"2008-10","BA",53716,60162,"CAGED"
"2008-10","CE",31519,27219,"CAGED"
"2008-10","DF",21744,20575,"CAGED"
"2008-10","ES",31274,30129,"CAGED"
"2008-10","GO",47379,49717,"CAGED"
"2008-10","MA",13524,12706,"CAGED"
"2008-10","MG",172816,202254,"CAGED"
"2008-10","MS",21490,20085,"CAGED"
"2008-10","MT",29084,29334,"CAGED"
"2008-10","PA",24824,24641,"CAGED"
"2008-10","PB",8273,6627,"CAGED"
"2008-10","PE",38734,33789,"CAGED"
"2008-10","PI",6904,5120,"CAGED"
"2008-10","PR",111010,105009,"CAGED"
"2008-10","RJ",121348,107108,"CAGED"
"2008-10","RN",13969,12545,"CAGED"
"2008-10","RO",9397,8785,"CAGED"
"2008-10","RR",1477,1211,"CAGED"
"2008-10","RS",102617,93744,"CAGED"
"2008-10","SC",85783,76807,"CAGED"
"2008-10","SE",8635,6591,"CAGED"
"2008-10","SP",454158,419805,"CAGED"
"2008-10","TO",5243,5994,"CAGED"
"2008-11","AC",1584,1924,"CAGED"
"2008-11","AL",6906,7673,"CAGED"
"2008-11","AM",12666,16862,"CAGED"
"2008-11","AP",1838,1457,"CAGED"
"2008-11","BA",48859,49212,"CAGED"
"2008-11","CE",31608,27363,"CAGED"
"2008-11","DF",22108,21202,"CAGED"
"2008-11","ES",29068,30207,"CAGED"
"2008-11","GO",40605,46843,"CAGED"
"2008-11","MA",12545,13464,"CAGED"
"2008-11","MG",148096,182017,"CAGED"
"2008-11","MS",17990,19679,"CAGED"
"2008-11","MT",22046,30071,"CAGED"
"2008-11","PA",21411,23310,"CAGED"
"2008-11","PB",8204,6757,"CAGED"
"2008-11","PE",34826,32024,"CAGED"
"2008-11","PI",6972,6792,"CAGED"
"2008-11","PR",93675,93847,"CAGED"
"2008-11","RJ",117924,100377,"CAGED"
"2008-11","RN",12710,12828,"CAGED"
"2008-11","RO",8234,7855,"CAGED"
"2008-11","RR",1230,960,"CAGED"
"2008-11","RS",95509,87473,"CAGED"
"2008-11","SC",72172,68325,"CAGED"
"2008-11","SE",7927,6157,"CAGED"
"2008-11","SP",394450,415334,"CAGED"
"2008-11","TO",4511,6482,"CAGED"
"2008-12","AC",1048,2528,"CAGED"
"2008-12","AL",4790,7585,"CAGED"
"2008-12","AM",7619,20689,"CAGED"
"2008-12","AP",1291,1993,"CAGED"
"2008-12","BA",34804,50029,"CAGED"
"2008-12","CE",20613,26372,"CAGED"
"2008-12","DF",15540,19714,"CAGED"
"2008-12","ES",21005,33299,"CAGED"
"2008-12","GO",28494,55308,"CAGED"
"2008-12","MA",7946,13657,"CAGED"
"2008-12","MG",104560,192622,"CAGED"
"2008-12","MS",11049,26152,"CAGED"
"2008-12","MT",15449,30771,"CAGED"
"2008-12","PA",14473,25848,"CAGED"
"2008-12","PB",5569,7969,"CAGED"
"2008-12","PE",23679,32087,"CAGED"
"2008-12","PI",4325,6662,"CAGED"
"2008-12","PR",61475,111297,"CAGED"
"2008-12","RJ",90860,110202,"CAGED"
"2008-12","RN",9551,13954,"CAGED"
"2008-12","RO",6107,9290,"CAGED"
"2008-12","RR",649,953,"CAGED"
"2008-12","RS",68428,96106,"CAGED"
"2008-12","SC",48379,76222,"CAGED"
"2008-12","SE",5052,7532,"CAGED"
"2008-12","SP",271401,556933,"CAGED"
"2008-12","TO",3143,6471,"CAGED"
"2009-01","AC",1571,1638,"CAGED"
"2009-01","AL",7295,8479,"CAGED"
"2009-01","AM",10571,16873,"CAGED"
"2009-01","AP",1319,1985,"CAGED"
"2009-01","BA",47677,48594,"CAGED"
"2009-01","CE",25447,32308,"CAGED"
"2009-01","DF",21429,21604,"CAGED"
"2009-01","ES",25791,29516,"CAGED"
"2009-01","GO",42131,40296,"CAGED"
"2009-01","MA",10212,13414,"CAGED"
"2009-01","MG",131179,157979,"CAGED"
"2009-01","MS",20207,18105,"CAGED"
"2009-01","MT",27651,24327,"CAGED"
"2009-01","PA",20030,23562,"CAGED"
"2009-01","PB",7567,7857,"CAGED"
"2009-01","PE",30190,38162,"CAGED"
"2009-01","PI",5422,6023,"CAGED"
"2009-01","PR",95623,94031,"CAGED"
"2009-01","RJ",99747,116285,"CAGED"
"2009-01","RN",11946,14923,"CAGED"
"2009-01","RO",8573,7513,"CAGED"
"2009-01","RR",1020,914,"CAGED"
"2009-01","RS",89407,86609,"CAGED"
"2009-01","SC",80474,74067,"CAGED"
"2009-01","SE",6438,6757,"CAGED"
"2009-01","SP",383142,421818,"CAGED"
"2009-01","TO",4491,4659,"CAGED"
"2009-02","AC",1536,1575,"CAGED"
"2009-02","AL",4960,9946,"CAGED"
"2009-02","AM",9202,15562,"CAGED"
"2009-02","AP",1414,1422,"CAGED"
"2009-02","BA",42462,42040,"CAGED"
"2009-02","CE",24722,25195,"CAGED"
"2009-02","DF",23452,20057,"CAGED"
"2009-02","ES",28101,28471,"CAGED"
"2009-02","GO",43975,35917,"CAGED"
"2009-02","MA",9664,10907,"CAGED"
"2009-02","MG",142866,143735,"CAGED"
"2009-02","MS",19730,17522,"CAGED"
"2009-02","MT",28244,22866,"CAGED"
"2009-02","PA",18716,21200,"CAGED"
"2009-02","PB",7574,12410,"CAGED"
"2009-02","PE",26108,27085,"CAGED"
"2009-02","PI",5526,5775,"CAGED"
"2009-02","PR",95160,92666,"CAGED"
"2009-02","RJ",103794,98314,"CAGED"
"2009-02","RN",10149,15538,"CAGED"
"2009-02","RO",8794,7196,"CAGED"
"2009-02","RR",1030,993,"CAGED"
"2009-02","RS",88282,87535,"CAGED"
"2009-02","SC",84139,78465,"CAGED"
"2009-02","SE",7070,6031,"CAGED"
"2009-02","SP",392085,392180,"CAGED"
"2009-02","TO",4799,3772,"CAGED"
"2009-03","AC",1778,1918,"CAGED"
"2009-03","AL",5390,20972,"CAGED"
"2009-03","AM",11360,12640,"CAGED"
"2009-03","AP",1769,1870,"CAGED"
"2009-03","BA",51525,47028,"CAGED"
"2009-03","CE",28131,26759,"CAGED"
"2009-03","DF",25255,21964,"CAGED"
"2009-03","ES",31229,30740,"CAGED"
"2009-03","GO",47527,39613,"CAGED"
"2009-03","MA",12153,12555,"CAGED"
"2009-03","MG",168728,159329,"CAGED"
"2009-03","MS",25072,20132,"CAGED"
"2009-03","MT",27972,29050,"CAGED"
"2009-03","PA",17179,22822,"CAGED"
"2009-03","PB",7964,12154,"CAGED"
"2009-03","PE",28964,51216,"CAGED"
"2009-03","PI",5617,5467,"CAGED"
"2009-03","PR",115512,104670,"CAGED"
"2009-03","RJ",122194,116036,"CAGED"
"2009-03","RN",10576,13046,"CAGED"
"2009-03","RO",9213,7914,"CAGED"
"2009-03","RR",1157,1085,"CAGED"
"2009-03","RS",105542,100808,"CAGED"
"2009-03","SC",85836,86129,"CAGED"
"2009-03","SE",7054,8385,"CAGED"
"2009-03","SP",459839,425608,"CAGED"
"2009-03","TO",4975,4783,"CAGED"
"2009-04","AC",2156,1563,"CAGED"
"2009-04","AL",5329,22009,"CAGED"
"2009-04","AM",13055,14124,"CAGED"
"2009-04","AP",2014,1516,"CAGED"
"2009-04","BA",50752,46835,"CAGED"
"2009-04","CE",27705,24475,"CAGED"
"2009-04","DF",23117,18137,"CAGED"
"2009-04","ES",31431,26682,"CAGED"
"2009-04","GO",54485,39823,"CAGED"
"2009-04","MA",10095,10974,"CAGED"
"2009-04","MG",162031,146429,"CAGED"
"2009-04","MS",20394,20080,"CAGED"
"2009-04","MT",25861,26415,"CAGED"
"2009-04","PA",18644,20787,"CAGED"
"2009-04","PB",7391,7522,"CAGED"
"2009-04","PE",29256,40241,"CAGED"
"2009-04","PI",5672,5396,"CAGED"
"2009-04","PR",103198,95261,"CAGED"
"2009-04","RJ",109147,102455,"CAGED"
"2009-04","RN",10375,13002,"CAGED"
"2009-04","RO",9111,7037,"CAGED"
"2009-04","RR",1158,1077,"CAGED"
"2009-04","RS",94578,91643,"CAGED"
"2009-04","SC",74352,73516,"CAGED"
"2009-04","SE",6321,7064,"CAGED"
"2009-04","SP",447957,375935,"CAGED"
"2009-04","TO",4861,4243,"CAGED"
"2009-05","AC",1920,1477,"CAGED"
"2009-05","AL",6122,7122,"CAGED"
"2009-05","AM",12305,12453,"CAGED"
"2009-05","AP",1692,1698,"CAGED"
"2009-05","BA",53628,44568,"CAGED"
"2009-05","CE",28010,25857,"CAGED"
"2009-05","DF",22642,22597,"CAGED"
"2009-05","ES",40302,30241,"CAGED"
"2009-05","GO",46824,41721,"CAGED"
"2009-05","MA",10523,11749,"CAGED"
"2009-05","MG",184862,147344,"CAGED"
"2009-05","MS",19133,17821,"CAGED"
"2009-05","MT",27118,26345,"CAGED"
"2009-05","PA",19271,19953,"CAGED"
"2009-05","PB",8071,7022,"CAGED"
"2009-05","PE",32904,27580,"CAGED"
"2009-05","PI",5943,4909,"CAGED"
"2009-05","PR",100791,89109,"CAGED"
"2009-05","RJ",114913,106993,"CAGED"
"2009-05","RN",11336,13128,"CAGED"
"2009-05","RO",13472,8111,"CAGED"
"2009-05","RR",1154,1105,"CAGED"
"2009-05","RS",84233,88309,"CAGED"
"2009-05","SC",71212,73284,"CAGED"
"2009-05","SE",6350,7221,"CAGED"
"2009-05","SP",419205,374684,"CAGED"
"2009-05","TO",4639,4617,"CAGED"
"2009-06","AC",2351,1839,"CAGED (legacy file)"
"2009-06","AL",6685,6659,"CAGED (legacy file)"
"2009-06","AM",13293,12309,"CAGED (legacy file)"
"2009-06","AP",1640,1816,"CAGED (legacy file)"
"2009-06","BA",52668,46549,"CAGED (legacy file)"
"2009-06","CE",32357,26605,"CAGED (legacy file)"
"2009-06","DF",24542,28093,"CAGED (legacy file)"
"2009-06","ES",30568,37219,"CAGED (legacy file)"
"2009-06","GO",48025,40677,"CAGED (legacy file)"
"2009-06","MA",11470,12633,"CAGED (legacy file)"
"2009-06","MG",196940,151344,"CAGED (legacy file)"
"2009-06","MS",18713,16776,"CAGED (legacy file)"
"2009-06","MT",29945,24492,"CAGED (legacy file)"
"2009-06","PA",21326,20269,"CAGED (legacy file)"
"2009-06","PB",7996,7152,"CAGED (legacy file)"
"2009-06","PE",36880,27090,"CAGED (legacy file)"
"2009-06","PI",7436,5200,"CAGED (legacy file)"
"2009-06","PR",98635,92671,"CAGED (legacy file)"
"2009-06","RJ",112610,107155,"CAGED (legacy file)"
"2009-06","RN",11645,10909,"CAGED (legacy file)"
"2009-06","RO",11245,8273,"CAGED (legacy file)"
"2009-06","RR",1039,1046,"CAGED (legacy file)"
"2009-06","RS",83087,84481,"CAGED (legacy file)"
"2009-06","SC",70386,69265,"CAGED (legacy file)"
"2009-06","SE",7160,6430,"CAGED (legacy file)"
"2009-06","SP",412413,384810,"CAGED (legacy file)"
"2009-06","TO",5294,5091,"CAGED (legacy file)"
"2009-07","AC",2281,1951,"CAGED"
"2009-07","AL",7643,6084,"CAGED"
"2009-07","AM",15659,12865,"CAGED"
"2009-07","AP",1709,1712,"CAGED"
"2009-07","BA",57724,47932,"CAGED"
"2009-07","CE",37224,27701,"CAGED"
"2009-07","DF",26713,24725,"CAGED"
"2009-07","ES",31846,31945,"CAGED"
"2009-07","GO",45965,41458,"CAGED"
"2009-07","MA",13024,11829,"CAGED"
"2009-07","MG",179198,176215,"CAGED"
"2009-07","MS",17914,17968,"CAGED"
"2009-07","MT",31434,26760,"CAGED"
"2009-07","PA",23891,19441,"CAGED"
"2009-07","PB",11865,7594,"CAGED"
"2009-07","PE",37520,30035,"CAGED"
"2009-07","PI",7018,5617,"CAGED"
"2009-07","PR",100119,93197,"CAGED"
"2009-07","RJ",117192,107543,"CAGED"
"2009-07","RN",14361,11462,"CAGED"
"2009-07","RO",11791,9108,"CAGED"
"2009-07","RR",1169,1230,"CAGED"
"2009-07","RS",84871,85352,"CAGED"
"2009-07","SC",75434,70251,"CAGED"
"2009-07","SE",7543,6377,"CAGED"
"2009-07","SP",431565,378754,"CAGED"
"2009-07","TO",5508,4673,"CAGED"
"2009-08","AC",2498,1657,"CAGED (legacy file)"
"2009-08","AL",7710,6432,"CAGED (legacy file)"
"2009-08","AM",18465,11916,"CAGED (legacy file)"
"2009-08","AP",1967,1624,"CAGED (legacy file)"
"2009-08","BA",58899,47814,"CAGED (legacy file)"
"2009-08","CE",39267,25477,"CAGED (legacy file)"
"2009-08","DF",25568,22801,"CAGED (legacy file)"
"2009-08","ES",31014,27366,"CAGED (legacy file)"
"2009-08","GO",47363,40809,"CAGED (legacy file)"
"2009-08","MA",14399,12401,"CAGED (legacy file)"
"2009-08","MG",179530,170917,"CAGED (legacy file)"
"2009-08","MS",18973,17086,"CAGED (legacy file)"
"2009-08","MT",29022,26021,"CAGED (legacy file)"
"2009-08","PA",26296,19092,"CAGED (legacy file)"
"2009-08","PB",14261,7462,"CAGED (legacy file)"
"2009-08","PE",48179,29189,"CAGED (legacy file)"
"2009-08","PI",8316,5551,"CAGED (legacy file)"
"2009-08","PR",102661,88224,"CAGED (legacy file)"
"2009-08","RJ",117078,101237,"CAGED (legacy file)"
"2009-08","RN",17952,11176,"CAGED (legacy file)"
"2009-08","RO",11820,8419,"CAGED (legacy file)"
"2009-08","RR",1194,1050,"CAGED (legacy file)"
"2009-08","RS",93978,82995,"CAGED (legacy file)"
"2009-08","SC",77932,65944,"CAGED (legacy file)"
"2009-08","SE",8272,6002,"CAGED (legacy file)"
"2009-08","SP",449936,371953,"CAGED (legacy file)"
"2009-08","TO",4905,4714,"CAGED (legacy file)"
"2009-09","AC",2296,2012,"CAGED"
"2009-09","AL",41524,5958,"CAGED"
"2009-09","AM",17761,13174,"CAGED"
"2009-09","AP",1762,1556,"CAGED"
"2009-09","BA",58493,47728,"CAGED"
"2009-09","CE",38239,25273,"CAGED"
"2009-09","DF",26790,24701,"CAGED"
"2009-09","ES",30509,26302,"CAGED"
"2009-09","GO",46695,41445,"CAGED"
"2009-09","MA",11864,10947,"CAGED"
"2009-09","MG",180848,173397,"CAGED"
"2009-09","MS",18817,16579,"CAGED"
"2009-09","MT",29267,26925,"CAGED"
"2009-09","PA",25235,20433,"CAGED"
"2009-09","PB",11281,6638,"CAGED"
"2009-09","PE",55521,30476,"CAGED"
"2009-09","PI",7732,5301,"CAGED"
"2009-09","PR",106051,92311,"CAGED"
"2009-09","RJ",116655,101996,"CAGED"
"2009-09","RN",14954,10533,"CAGED"
"2009-09","RO",11328,8451,"CAGED"
"2009-09","RR",1294,831,"CAGED"
"2009-09","RS",95937,81552,"CAGED"
"2009-09","SC",80239,67522,"CAGED"
"2009-09","SE",9773,6085,"CAGED"
"2009-09","SP",445784,386237,"CAGED"
"2009-09","TO",4931,4600,"CAGED"
"2009-10","AC",1911,1772,"CAGED (legacy file)"
"2009-10","AL",13924,6019,"CAGED (legacy file)"
"2009-10","AM",17969,13271,"CAGED (legacy file)"
"2009-10","AP",2017,1903,"CAGED (legacy file)"
"2009-10","BA",57101,49658,"CAGED (legacy file)"
"2009-10","CE",36638,25594,"CAGED (legacy file)"
"2009-10","DF",24246,19865,"CAGED (legacy file)"
"2009-10","ES",31722,25436,"CAGED (legacy file)"
"2009-10","GO",45687,43015,"CAGED (legacy file)"
"2009-10","MA",11756,11438,"CAGED (legacy file)"
"2009-10","MG",172156,156258,"CAGED (legacy file)"
"2009-10","MS",18428,16981,"CAGED (legacy file)"
"2009-10","MT",27799,27007,"CAGED (legacy file)"
"2009-10","PA",24451,18823,"CAGED (legacy file)"
"2009-10","PB",9017,5781,"CAGED (legacy file)"
"2009-10","PE",42663,31040,"CAGED (legacy file)"
"2009-10","PI",6972,4525,"CAGED (legacy file)"
"2009-10","PR",103794,90367,"CAGED (legacy file)"
"2009-10","RJ",116233,99528,"CAGED (legacy file)"
"2009-10","RN",13420,10843,"CAGED (legacy file)"
"2009-10","RO",11809,8916,"CAGED (legacy file)"
"2009-10","RR",1409,1035,"CAGED (legacy file)"
"2009-10","RS",100920,81324,"CAGED (legacy file)"
"2009-10","SC",84193,68051,"CAGED (legacy file)"
"2009-10","SE",9002,6261,"CAGED (legacy file)"
"2009-10","SP",443474,374328,"CAGED (legacy file)"
"2009-10","TO",5204,3920,"CAGED (legacy file)"
"2009-11","AC",2123,2029,"CAGED (legacy file)"
"2009-11","AL",8636,6536,"CAGED (legacy file)"
"2009-11","AM",14532,12411,"CAGED (legacy file)"
"2009-11","AP",1704,1481,"CAGED (legacy file)"
"2009-11","BA",57655,44414,"CAGED (legacy file)"
"2009-11","CE",36356,24060,"CAGED (legacy file)"
"2009-11","DF",24213,21250,"CAGED (legacy file)"
"2009-11","ES",30888,25785,"CAGED (legacy file)"
"2009-11","GO",43511,45556,"CAGED (legacy file)"
"2009-11","MA",12856,10126,"CAGED (legacy file)"
"2009-11","MG",165884,140905,"CAGED (legacy file)"
"2009-11","MS",18602,16452,"CAGED (legacy file)"
"2009-11","MT",23134,27193,"CAGED (legacy file)"
"2009-11","PA",22744,19063,"CAGED (legacy file)"
"2009-11","PB",9140,6269,"CAGED (legacy file)"
"2009-11","PE",41482,29713,"CAGED (legacy file)"
"2009-11","PI",8243,5452,"CAGED (legacy file)"
"2009-11","PR",103578,87547,"CAGED (legacy file)"
"2009-11","RJ",119901,95288,"CAGED (legacy file)"
"2009-11","RN",14201,9856,"CAGED (legacy file)"
"2009-11","RO",10871,8906,"CAGED (legacy file)"
"2009-11","RR",1097,886,"CAGED (legacy file)"
"2009-11","RS",107593,81870,"CAGED (legacy file)"
"2009-11","SC",86114,68267,"CAGED (legacy file)"
"2009-11","SE",8363,5372,"CAGED (legacy file)"
"2009-11","SP",434862,365195,"CAGED (legacy file)"
"2009-11","TO",4760,4466,"CAGED (legacy file)"
"2009-12","AC",1369,2390,"CAGED"
"2009-12","AL",5852,7033,"CAGED"
"2009-12","AM",9508,17490,"CAGED"
"2009-12","AP",1422,1655,"CAGED"
"2009-12","BA",45963,50217,"CAGED"
"2009-12","CE",25108,25464,"CAGED"
"2009-12","DF",17956,22707,"CAGED"
"2009-12","ES",27147,31870,"CAGED"
"2009-12","GO",31587,59041,"CAGED"
"2009-12","MA",9629,13456,"CAGED"
"2009-12","MG",125978,175740,"CAGED"
"2009-12","MS",13403,20984,"CAGED"
"2009-12","MT",16713,31347,"CAGED"
"2009-12","PA",17187,22145,"CAGED"
"2009-12","PB",7012,7987,"CAGED"
"2009-12","PE",30137,31260,"CAGED"
"2009-12","PI",5593,7547,"CAGED"
"2009-12","PR",70522,106506,"CAGED"
"2009-12","RJ",104143,111902,"CAGED"
"2009-12","RN",10715,12414,"CAGED"
"2009-12","RO",7882,11190,"CAGED"
"2009-12","RR",871,1151,"CAGED"
"2009-12","RS",83798,95522,"CAGED"
"2009-12","SC",58085,82621,"CAGED"
"2009-12","SE",6529,6692,"CAGED"
"2009-12","SP",330948,522134,"CAGED"
"2009-12","TO",3424,5208,"CAGED"
"2010-01","AC",1566,1768,"CAGED"
"2010-01","AL",6218,7131,"CAGED"
"2010-01","AM",14199,12410,"CAGED"
"2010-01","AP",1691,1549,"CAGED"
"2010-01","BA",58740,44316,"CAGED"
"2010-01","CE",30839,33093,"CAGED"
"2010-01","DF",23769,20215,"CAGED"
"2010-01","ES",31088,27498,"CAGED"
"2010-01","GO",47105,36929,"CAGED"
"2010-01","MA",11289,10473,"CAGED"
"2010-01","MG",159019,138527,"CAGED"
"2010-01","MS",18271,16582,"CAGED"
"2010-01","MT",30886,22034,"CAGED"
"2010-01","PA",20860,19180,"CAGED"
"2010-01","PB",8529,8467,"CAGED"
"2010-01","PE",34937,31323,"CAGED"
"2010-01","PI",6979,5802,"CAGED"
"2010-01","PR",106788,92877,"CAGED"
"2010-01","RJ",116014,111603,"CAGED"
"2010-01","RN",12681,12504,"CAGED"
"2010-01","RO",10693,8093,"CAGED"
"2010-01","RR",1472,1006,"CAGED"
"2010-01","RS",106962,88085,"CAGED"
"2010-01","SC",92225,72935,"CAGED"
"2010-01","SE",7434,6140,"CAGED"
"2010-01","SP",445563,394404,"CAGED"
"2010-01","TO",4645,4099,"CAGED"
"2010-02","AC",2239,1886,"CAGED"
"2010-02","AL",5897,17092,"CAGED"
"2010-02","AM",14140,12270,"CAGED"
"2010-02","AP",2064,1250,"CAGED"
"2010-02","BA",52408,46320,"CAGED"
"2010-02","CE",34974,29274,"CAGED"
"2010-02","DF",25749,21483,"CAGED"
"2010-02","ES",33379,29280,"CAGED"
"2010-02","GO",51184,40457,"CAGED"
"2010-02","MA",12028,9768,"CAGED"
"2010-02","MG",172549,145046,"CAGED"
"2010-02","MS",21793,17853,"CAGED"
"2010-02","MT",31420,24295,"CAGED"
"2010-02","PA",22444,18241,"CAGED"
"2010-02","PB",9805,10100,"CAGED"
"2010-02","PE",32647,35040,"CAGED"
"2010-02","PI",7188,6313,"CAGED"
"2010-02","PR",114656,100946,"CAGED"
"2010-02","RJ",119894,111596,"CAGED"
"2010-02","RN",12204,12984,"CAGED"
"2010-02","RO",11627,9345,"CAGED"
"2010-02","RR",1351,1011,"CAGED"
"2010-02","RS",116928,97210,"CAGED"
"2010-02","SC",103020,86909,"CAGED"
"2010-02","SE",8401,6515,"CAGED"
"2010-02","SP",500536,419874,"CAGED"
"2010-02","TO",5796,4538,"CAGED"
"2010-03","AC",2200,2195,"CAGED"
"2010-03","AL",7641,25444,"CAGED"
"2010-03","AM",17930,14869,"CAGED"
"2010-03","AP",1572,1776,"CAGED"
"2010-03","BA",64478,54252,"CAGED"
"2010-03","CE",38232,31782,"CAGED"
"2010-03","DF",29897,26979,"CAGED"
"2010-03","ES",37428,33374,"CAGED"
"2010-03","GO",60085,46331,"CAGED"
"2010-03","MA",15732,11940,"CAGED"
"2010-03","MG",218484,178680,"CAGED"
"2010-03","MS",24845,20641,"CAGED"
"2010-03","MT",31108,31771,"CAGED"
"2010-03","PA",22582,21832,"CAGED"
"2010-03","PB",10154,14171,"CAGED"
"2010-03","PE",39321,52537,"CAGED"
"2010-03","PI",10553,7130,"CAGED"
"2010-03","PR",140203,117006,"CAGED"
"2010-03","RJ",145936,123964,"CAGED"
"2010-03","RN",15656,14456,"CAGED"
"2010-03","RO",14074,10681,"CAGED"
"2010-03","RR",1593,1404,"CAGED"
"2010-03","RS",146469,118215,"CAGED"
"2010-03","SC",108480,101463,"CAGED"
"2010-03","SE",8953,10487,"CAGED"
"2010-03","SP",600453,475264,"CAGED"
"2010-03","TO",5986,4986,"CAGED"
"2010-04","AC",2219,1828,"CAGED"
"2010-04","AL",7542,14210,"CAGED"
"2010-04","AM",15863,14435,"CAGED"
"2010-04","AP",2032,1436,"CAGED"
"2010-04","BA",62342,51752,"CAGED"
"2010-04","CE",36867,29296,"CAGED"
"2010-04","DF",27849,21846,"CAGED"
"2010-04","ES",40199,30941,"CAGED"
"2010-04","GO",60842,43671,"CAGED"
"2010-04","MA",16055,10941,"CAGED"
"2010-04","MG",206237,161207,"CAGED"
"2010-04","MS",23816,18913,"CAGED"
"2010-04","MT",31756,28335,"CAGED"
"2010-04","PA",22490,19496,"CAGED"
"2010-04","PB",10399,10605,"CAGED"
"2010-04","PE",37978,39280,"CAGED"
"2010-04","PI",9071,6291,"CAGED"
"2010-04","PR",122752,102159,"CAGED"
"2010-04","RJ",122926,107603,"CAGED"
"2010-04","RN",14713,13242,"CAGED"
"2010-04","RO",13343,9938,"CAGED"
"2010-04","RR",1440,1267,"CAGED"
"2010-04","RS",119618,99189,"CAGED"
"2010-04","SC",94408,82067,"CAGED"
"2010-04","SE",7965,6377,"CAGED"
"2010-04","SP",544116,424272,"CAGED"
"2010-04","TO",5237,4410,"CAGED"
"2010-05","AC",2598,1965,"CAGED (legacy file)"
"2010-05","AL",8609,7413,"CAGED (legacy file)"
"2010-05","AM",17958,15003,"CAGED (legacy file)"
"2010-05","AP",1841,2001,"CAGED (legacy file)"
"2010-05","BA",68881,52580,"CAGED (legacy file)"
"2010-05","CE",37619,31294,"CAGED (legacy file)"
"2010-05","DF",28329,25244,"CAGED (legacy file)"
"2010-05","ES",44148,36394,"CAGED (legacy file)"
"2010-05","GO",56708,46454,"CAGED (legacy file)"
"2010-05","MA",14112,12356,"CAGED (legacy file)"
"2010-05","MG",226009,165136,"CAGED (legacy file)"
"2010-05","MS",21832,19161,"CAGED (legacy file)"
"2010-05","MT",29943,29279,"CAGED (legacy file)"
"2010-05","PA",24257,20086,"CAGED (legacy file)"
"2010-05","PB",10726,7620,"CAGED (legacy file)"
"2010-05","PE",46442,35751,"CAGED (legacy file)"
"2010-05","PI",8566,6456,"CAGED (legacy file)"
"2010-05","PR",120075,100944,"CAGED (legacy file)"
"2010-05","RJ",136019,113769,"CAGED (legacy file)"
"2010-05","RN",15515,12065,"CAGED (legacy file)"
"2010-05","RO",14537,11602,"CAGED (legacy file)"
"2010-05","RR",1376,1493,"CAGED (legacy file)"
"2010-05","RS",112512,103001,"CAGED (legacy file)"
"2010-05","SC",89143,83705,"CAGED (legacy file)"
"2010-05","SE",8215,7323,"CAGED (legacy file)"
"2010-05","SP",540865,442241,"CAGED (legacy file)"
"2010-05","TO",6497,4955,"CAGED (legacy file)"
"2010-06","AC",2822,2235,"CAGED (legacy file)"
"2010-06","AL",6883,6950,"CAGED (legacy file)"
"2010-06","AM",17064,14623,"CAGED (legacy file)"
"2010-06","AP",1999,1895,"CAGED (legacy file)"
"2010-06","BA",60628,56923,"CAGED (legacy file)"
"2010-06","CE",37930,31612,"CAGED (legacy file)"
"2010-06","DF",25388,24631,"CAGED (legacy file)"
"2010-06","ES",37353,39002,"CAGED (legacy file)"
"2010-06","GO",53886,45813,"CAGED (legacy file)"
"2010-06","MA",16948,12246,"CAGED (legacy file)"
"2010-06","MG",210746,171876,"CAGED (legacy file)"
"2010-06","MS",21628,18451,"CAGED (legacy file)"
"2010-06","MT",31769,26482,"CAGED (legacy file)"
"2010-06","PA",26289,22896,"CAGED (legacy file)"
"2010-06","PB",10166,7579,"CAGED (legacy file)"
"2010-06","PE",45948,33410,"CAGED (legacy file)"
"2010-06","PI",9734,6863,"CAGED (legacy file)"
"2010-06","PR",117185,106739,"CAGED (legacy file)"
"2010-06","RJ",130052,113715,"CAGED (legacy file)"
"2010-06","RN",15549,12879,"CAGED (legacy file)"
"2010-06","RO",13242,11123,"CAGED (legacy file)"
"2010-06","RR",1382,1204,"CAGED (legacy file)"
"2010-06","RS",110862,102997,"CAGED (legacy file)"
"2010-06","SC",85889,79790,"CAGED (legacy file)"
"2010-06","SE",9373,7332,"CAGED (legacy file)"
"2010-06","SP",515692,445427,"CAGED (legacy file)"
"2010-06","TO",6672,5434,"CAGED (legacy file)"
"2010-07","AC",2724,2345,"CAGED (legacy file)"
"2010-07","AL",8158,7275,"CAGED (legacy file)"
"2010-07","AM",17415,14971,"CAGED (legacy file)"
"2010-07","AP",1964,1987,"CAGED (legacy file)"
"2010-07","BA",65063,56926,"CAGED (legacy file)"
"2010-07","CE",39425,31479,"CAGED (legacy file)"
"2010-07","DF",26144,26222,"CAGED (legacy file)"
"2010-07","ES",34766,33798,"CAGED (legacy file)"
"2010-07","GO",54613,48155,"CAGED (legacy file)"
"2010-07","MA",16816,12343,"CAGED (legacy file)"
"2010-07","MG",201612,188258,"CAGED (legacy file)"
"2010-07","MS",20904,19580,"CAGED (legacy file)"
"2010-07","MT",30735,27819,"CAGED (legacy file)"
"2010-07","PA",26733,20640,"CAGED (legacy file)"
"2010-07","PB",11383,8954,"CAGED (legacy file)"
"2010-07","PE",43682,33736,"CAGED (legacy file)"
"2010-07","PI",8847,7292,"CAGED (legacy file)"
"2010-07","PR",121957,109234,"CAGED (legacy file)"
"2010-07","RJ",134058,119972,"CAGED (legacy file)"
"2010-07","RN",16162,13084,"CAGED (legacy file)"
"2010-07","RO",14725,12600,"CAGED (legacy file)"
"2010-07","RR",1376,1496,"CAGED (legacy file)"
"2010-07","RS",110939,101270,"CAGED (legacy file)"
"2010-07","SC",87694,82500,"CAGED (legacy file)"
"2010-07","SE",9656,7428,"CAGED (legacy file)"
"2010-07","SP",500190,437693,"CAGED (legacy file)"
"2010-07","TO",6578,5466,"CAGED (legacy file)"
"2010-08","AC",2898,2032,"CAGED"
"2010-08","AL",9130,7655,"CAGED"
"2010-08","AM",20075,15836,"CAGED"
"2010-08","AP",2249,1756,"CAGED"
"2010-08","BA",68955,57748,"CAGED"
"2010-08","CE",43236,30915,"CAGED"
"2010-08","DF",29052,27006,"CAGED"
"2010-08","ES",36368,31948,"CAGED"
"2010-08","GO",55197,48392,"CAGED"
"2010-08","MA",16798,14384,"CAGED"
"2010-08","MG",219328,190075,"CAGED"
"2010-08","MS",21594,19646,"CAGED"
"2010-08","MT",30577,28300,"CAGED"
"2010-08","PA",30006,23615,"CAGED"
"2010-08","PB",16667,8203,"CAGED"
"2010-08","PE",56899,35100,"CAGED"
"2010-08","PI",9374,7056,"CAGED"
"2010-08","PR",124866,103469,"CAGED"
"2010-08","RJ",144805,119884,"CAGED"
"2010-08","RN",19829,13043,"CAGED"
"2010-08","RO",14847,12524,"CAGED"
"2010-08","RR",1587,1160,"CAGED"
"2010-08","RS",119177,103502,"CAGED"
"2010-08","SC",93675,79693,"CAGED"
"2010-08","SE",9727,6949,"CAGED"
"2010-08","SP",536695,446062,"CAGED"
"2010-08","TO",7048,5291,"CAGED"
"2010-09","AC",2531,2326,"CAGED"
"2010-09","AL",35452,7196,"CAGED"
"2010-09","AM",18162,15188,"CAGED"
"2010-09","AP",2153,1823,"CAGED"
"2010-09","BA",68647,58360,"CAGED"
"2010-09","CE",41893,31900,"CAGED"
"2010-09","DF",28996,24806,"CAGED"
"2010-09","ES",32343,29783,"CAGED"
"2010-09","GO",53029,53538,"CAGED"
"2010-09","MA",16040,12842,"CAGED"
"2010-09","MG",201719,193271,"CAGED"
"2010-09","MS",21112,19668,"CAGED"
"2010-09","MT",29911,29468,"CAGED"
"2010-09","PA",27385,22780,"CAGED"
"2010-09","PB",14303,8282,"CAGED"
"2010-09","PE",74147,34502,"CAGED"
"2010-09","PI",9026,8943,"CAGED"
"2010-09","PR",118716,104678,"CAGED"
"2010-09","RJ",138526,116877,"CAGED"
"2010-09","RN",17945,11866,"CAGED"
"2010-09","RO",14049,11557,"CAGED"
"2010-09","RR",1614,1014,"CAGED"
"2010-09","RS",109010,97871,"CAGED"
"2010-09","SC",92908,80204,"CAGED"
"2010-09","SE",9742,7407,"CAGED"
"2010-09","SP",503354,449782,"CAGED"
"2010-09","TO",5872,5778,"CAGED"
"2010-10","AC",2271,2718,"CAGED (legacy file)"
"2010-10","AL",14756,7727,"CAGED (legacy file)"
"2010-10","AM",18574,15185,"CAGED (legacy file)"
"2010-10","AP",1942,1541,"CAGED (legacy file)"
"2010-10","BA",67241,60182,"CAGED (legacy file)"
"2010-10","CE",38527,32604,"CAGED (legacy file)"
"2010-10","DF",26723,23860,"CAGED (legacy file)"
"2010-10","ES",32386,29256,"CAGED (legacy file)"
"2010-10","GO",53077,55228,"CAGED (legacy file)"
"2010-10","MA",15862,11930,"CAGED (legacy file)"
"2010-10","MG",188249,173733,"CAGED (legacy file)"
"2010-10","MS",20301,18479,"CAGED (legacy file)"
"2010-10","MT",30866,30390,"CAGED (legacy file)"
"2010-10","PA",25484,22169,"CAGED (legacy file)"
"2010-10","PB",10980,7601,"CAGED (legacy file)"
"2010-10","PE",54721,38940,"CAGED (legacy file)"
"2010-10","PI",8935,5889,"CAGED (legacy file)"
"2010-10","PR",117667,102713,"CAGED (legacy file)"
"2010-10","RJ",135248,115677,"CAGED (legacy file)"
"2010-10","RN",15329,12964,"CAGED (legacy file)"
"2010-10","RO",14049,13752,"CAGED (legacy file)"
"2010-10","RR",1684,1436,"CAGED (legacy file)"
"2010-10","RS",116764,98172,"CAGED (legacy file)"
"2010-10","SC",94985,79640,"CAGED (legacy file)"
"2010-10","SE",12387,7610,"CAGED (legacy file)"
"2010-10","SP",495932,440555,"CAGED (legacy file)"
"2010-10","TO",5595,5780,"CAGED (legacy file)"
"2010-11","AC",2180,2603,"CAGED"
"2010-11","AL",12441,8307,"CAGED"
"2010-11","AM",16536,15126,"CAGED"
"2010-11","AP",1974,1959,"CAGED"
"2010-11","BA",65676,54995,"CAGED"
"2010-11","CE",38672,31822,"CAGED"
"2010-11","DF",25073,22360,"CAGED"
"2010-11","ES",32263,29206,"CAGED"
"2010-11","GO",50916,52403,"CAGED"
"2010-11","MA",16442,14555,"CAGED"
"2010-11","MG",182732,170639,"CAGED"
"2010-11","MS",20566,19581,"CAGED"
"2010-11","MT",27830,30862,"CAGED"
"2010-11","PA",26131,22704,"CAGED"
"2010-11","PB",10763,8377,"CAGED"
"2010-11","PE",48298,42297,"CAGED"
"2010-11","PI",8931,8453,"CAGED"
"2010-11","PR",115112,104859,"CAGED"
"2010-11","RJ",141339,109374,"CAGED"
"2010-11","RN",14990,12787,"CAGED"
"2010-11","RO",14036,12984,"CAGED"
"2010-11","RR",1491,1214,"CAGED"
"2010-11","RS",119595,97866,"CAGED"
"2010-11","SC",90852,78091,"CAGED"
"2010-11","SE",9864,7312,"CAGED"
"2010-11","SP",476711,471712,"CAGED"
"2010-11","TO",5458,6177,"CAGED"
"2010-12","AC",1837,2832,"CAGED (legacy file)"
"2010-12","AL",8490,8740,"CAGED (legacy file)"
"2010-12","AM",11921,19108,"CAGED (legacy file)"
"2010-12","AP",1501,1858,"CAGED (legacy file)"
"2010-12","BA",48881,66184,"CAGED (legacy file)"
"2010-12","CE",29987,30343,"CAGED (legacy file)"
"2010-12","DF",22131,29431,"CAGED (legacy file)"
"2010-12","ES",27499,35150,"CAGED (legacy file)"
"2010-12","GO",39584,59798,"CAGED (legacy file)"
"2010-12","MA",11962,18369,"CAGED (legacy file)"
"2010-12","MG",143349,194146,"CAGED (legacy file)"
"2010-12","MS",14374,22743,"CAGED (legacy file)"
"2010-12","MT",20191,30605,"CAGED (legacy file)"
"2010-12","PA",20279,25907,"CAGED (legacy file)"
"2010-12","PB",8137,9692,"CAGED (legacy file)"
"2010-12","PE",39723,44322,"CAGED (legacy file)"
"2010-12","PI",6322,8244,"CAGED (legacy file)"
"2010-12","PR",83570,115440,"CAGED (legacy file)"
"2010-12","RJ",119927,130030,"CAGED (legacy file)"
"2010-12","RN",11867,15642,"CAGED (legacy file)"
"2010-12","RO",9392,12470,"CAGED (legacy file)"
"2010-12","RR",1160,1318,"CAGED (legacy file)"
"2010-12","RS",93634,111828,"CAGED (legacy file)"
"2010-12","SC",64997,90298,"CAGED (legacy file)"
"2010-12","SE",7170,8744,"CAGED (legacy file)"
"2010-12","SP",378583,538165,"CAGED (legacy file)"
"2010-12","TO",4086,6665,"CAGED (legacy file)"
"2011-01","AC",2128,2463,"CAGED"
"2011-01","AL",10316,8921,"CAGED"
"2011-01","AM",19016,15898,"CAGED"
"2011-01","AP",1941,2147,"CAGED"
"2011-01","BA",65664,58226,"CAGED"
"2011-01","CE",36884,37840,"CAGED"
"2011-01","DF",30159,26037,"CAGED"
"2011-01","ES",35222,33446,"CAGED"
"2011-01","GO",60085,47060,"CAGED"
"2011-01","MA",14754,15814,"CAGED"
"2011-01","MG",182159,168313,"CAGED"
"2011-01","MS",23345,19777,"CAGED"
"2011-01","MT",33685,25848,"CAGED"
"2011-01","PA",24783,23928,"CAGED"
"2011-01","PB",10258,11370,"CAGED"
"2011-01","PE",43718,49675,"CAGED"
"2011-01","PI",8299,8145,"CAGED"
"2011-01","PR",125057,110103,"CAGED"
"2011-01","RJ",134721,133594,"CAGED"
"2011-01","RN",13942,16185,"CAGED"
"2011-01","RO",11319,10939,"CAGED"
"2011-01","RR",1617,1408,"CAGED"
"2011-01","RS",125695,108463,"CAGED"
"2011-01","SC",106203,89314,"CAGED"
"2011-01","SE",9289,7559,"CAGED"
"2011-01","SP",514585,460239,"CAGED"
"2011-01","TO",5528,5569,"CAGED"
"2011-02","AC",2624,2195,"CAGED"
"2011-02","AL",8804,9292,"CAGED"
"2011-02","AM",18734,14016,"CAGED"
"2011-02","AP",1815,1743,"CAGED"
"2011-02","BA",59953,56826,"CAGED"
"2011-02","CE",40033,34240,"CAGED"
"2011-02","DF",28818,25767,"CAGED"
"2011-02","ES",37578,33832,"CAGED"
"2011-02","GO",60511,47286,"CAGED"
"2011-02","MA",14269,13109,"CAGED"
"2011-02","MG",211390,175337,"CAGED"
"2011-02","MS",24922,19531,"CAGED"
"2011-02","MT",37865,27307,"CAGED"
"2011-02","PA",25944,21736,"CAGED"
"2011-02","PB",10740,14321,"CAGED"
"2011-02","PE",44580,42511,"CAGED"
"2011-02","PI",8327,8145,"CAGED"
"2011-02","PR",137977,118176,"CAGED"
"2011-02","RJ",146801,126880,"CAGED"
"2011-02","RN",14512,14639,"CAGED"
"2011-02","RO",15362,11442,"CAGED"
"2011-02","RR",1514,1387,"CAGED"
"2011-02","RS",134016,113636,"CAGED"
"2011-02","SC",115168,96254,"CAGED"
"2011-02","SE",9188,7894,"CAGED"
"2011-02","SP",579673,473870,"CAGED"
"2011-02","TO",6099,5046,"CAGED"
"2011-03","AC",2272,3113,"CAGED (legacy file)"
"2011-03","AL",8860,24646,"CAGED (legacy file)"
"2011-03","AM",19261,15407,"CAGED (legacy file)"
"2011-03","AP",2599,2678,"CAGED (legacy file)"
"2011-03","BA",62828,60070,"CAGED (legacy file)"
"2011-03","CE",37564,38147,"CAGED (legacy file)"
"2011-03","DF",29545,27632,"CAGED (legacy file)"
"2011-03","ES",34217,34421,"CAGED (legacy file)"
"2011-03","GO",59385,50986,"CAGED (legacy file)"
"2011-03","MA",13595,17411,"CAGED (legacy file)"
"2011-03","MG",202241,190665,"CAGED (legacy file)"
"2011-03","MS",25122,22614,"CAGED (legacy file)"
"2011-03","MT",31551,33820,"CAGED (legacy file)"
"2011-03","PA",25422,26879,"CAGED (legacy file)"
"2011-03","PB",10602,13728,"CAGED (legacy file)"
"2011-03","PE",43011,50216,"CAGED (legacy file)"
"2011-03","PI",7566,9680,"CAGED (legacy file)"
"2011-03","PR",142573,128646,"CAGED (legacy file)"
"2011-03","RJ",137224,134389,"CAGED (legacy file)"
"2011-03","RN",13848,14896,"CAGED (legacy file)"
"2011-03","RO",14569,12582,"CAGED (legacy file)"
"2011-03","RR",1732,1855,"CAGED (legacy file)"
"2011-03","RS",148474,129002,"CAGED (legacy file)"
"2011-03","SC",108436,106101,"CAGED (legacy file)"
"2011-03","SE",8897,9626,"CAGED (legacy file)"
"2011-03","SP",569091,508090,"CAGED (legacy file)"
"2011-03","TO",5437,5947,"CAGED (legacy file)"
"2011-04","AC",2348,1994,"CAGED"
"2011-04","AL",8209,24343,"CAGED"
"2011-04","AM",19921,15575,"CAGED"
"2011-04","AP",2181,1712,"CAGED"
"2011-04","BA",67571,56948,"CAGED"
"2011-04","CE",40625,34020,"CAGED"
"2011-04","DF",28719,23475,"CAGED"
"2011-04","ES",37819,29005,"CAGED"
"2011-04","GO",62841,50671,"CAGED"
"2011-04","MA",14974,13039,"CAGED"
"2011-04","MG",207608,171254,"CAGED"
"2011-04","MS",24600,22594,"CAGED"
"2011-04","MT",31941,30124,"CAGED"
"2011-04","PA",24736,21718,"CAGED"
"2011-04","PB",10963,9061,"CAGED"
"2011-04","PE",47484,49448,"CAGED"
"2011-04","PI",9380,6884,"CAGED"
"2011-04","PR",129987,109150,"CAGED"
"2011-04","RJ",146984,121228,"CAGED"
"2011-04","RN",14607,14236,"CAGED"
"2011-04","RO",12466,11528,"CAGED"
"2011-04","RR",1622,1750,"CAGED"
"2011-04","RS",126607,109610,"CAGED"
"2011-04","SC",95005,86254,"CAGED"
"2011-04","SE",8899,10038,"CAGED"
"2011-04","SP",590408,471275,"CAGED"
"2011-04","TO",5873,5219,"CAGED"
"2011-05","AC",2901,2673,"CAGED"
"2011-05","AL",10422,12650,"CAGED"
"2011-05","AM",21373,18379,"CAGED"
"2011-05","AP",2555,2357,"CAGED"
"2011-05","BA",75187,63477,"CAGED"
"2011-05","CE",41536,38931,"CAGED"
"2011-05","DF",29863,29825,"CAGED"
"2011-05","ES",49372,36853,"CAGED"
"2011-05","GO",67435,55217,"CAGED"
"2011-05","MA",16225,16201,"CAGED"
"2011-05","MG",251016,194039,"CAGED"
"2011-05","MS",27043,21096,"CAGED"
"2011-05","MT",36100,32474,"CAGED"
"2011-05","PA",27746,26588,"CAGED"
"2011-05","PB",11144,10325,"CAGED"
"2011-05","PE",51595,41735,"CAGED"
"2011-05","PI",8888,7733,"CAGED"
"2011-05","PR",136735,119946,"CAGED"
"2011-05","RJ",157073,138470,"CAGED"
"2011-05","RN",15067,15222,"CAGED"
"2011-05","RO",14852,14507,"CAGED"
"2011-05","RR",1638,2317,"CAGED"
"2011-05","RS",126601,122147,"CAGED"
"2011-05","SC",101544,97046,"CAGED"
"2011-05","SE",9843,8539,"CAGED"
"2011-05","SP",612234,525497,"CAGED"
"2011-05","TO",6677,6354,"CAGED"
"2011-06","AC",3320,2381,"CAGED"
"2011-06","AL",10002,8552,"CAGED"
"2011-06","AM",20475,15602,"CAGED"
"2011-06","AP",2711,2059,"CAGED"
"2011-06","BA",71172,59405,"CAGED"
"2011-06","CE",43691,39607,"CAGED"
"2011-06","DF",27955,26612,"CAGED"
"2011-06","ES",39784,41477,"CAGED"
"2011-06","GO",61177,52766,"CAGED"
"2011-06","MA",19165,14482,"CAGED"
"2011-06","MG",231570,186549,"CAGED"
"2011-06","MS",23200,19623,"CAGED"
"2011-06","MT",38872,29040,"CAGED"
"2011-06","PA",30005,25803,"CAGED"
"2011-06","PB",11440,8936,"CAGED"
"2011-06","PE",50972,39644,"CAGED"
"2011-06","PI",9931,8229,"CAGED"
"2011-06","PR",125784,119007,"CAGED"
"2011-06","RJ",151430,131674,"CAGED"
"2011-06","RN",15482,14075,"CAGED"
"2011-06","RO",14853,13746,"CAGED"
"2011-06","RR",1369,1391,"CAGED"
"2011-06","RS",115728,109441,"CAGED"
"2011-06","SC",89766,86767,"CAGED"
"2011-06","SE",9180,8152,"CAGED"
"2011-06","SP",556868,495660,"CAGED"
"2011-06","TO",5915,5744,"CAGED"
"2011-07","AC",3241,2742,"CAGED"
"2011-07","AL",9614,8034,"CAGED"
"2011-07","AM",21079,16575,"CAGED"
"2011-07","AP",2673,2023,"CAGED"
"2011-07","BA",73029,70996,"CAGED"
"2011-07","CE",43564,35744,"CAGED"
"2011-07","DF",27163,26848,"CAGED"
"2011-07","ES",38064,37046,"CAGED"
"2011-07","GO",58321,52266,"CAGED"
"2011-07","MA",17125,14104,"CAGED"
"2011-07","MG",208193,200263,"CAGED"
"2011-07","MS",22741,21149,"CAGED"
"2011-07","MT",33126,28609,"CAGED"
"2011-07","PA",29354,22584,"CAGED"
"2011-07","PB",11322,10132,"CAGED"
"2011-07","PE",49740,41711,"CAGED"
"2011-07","PI",8631,7729,"CAGED"
"2011-07","PR",123004,114174,"CAGED"
"2011-07","RJ",140973,130005,"CAGED"
"2011-07","RN",15357,14064,"CAGED"
"2011-07","RO",15361,14051,"CAGED"
"2011-07","RR",1672,1524,"CAGED"
"2011-07","RS",112854,107646,"CAGED"
"2011-07","SC",88591,85585,"CAGED"
"2011-07","SE",9454,7779,"CAGED"
"2011-07","SP",526741,477456,"CAGED"
"2011-07","TO",5876,5461,"CAGED"
"2011-08","AC",2791,2638,"CAGED"
"2011-08","AL",12803,8881,"CAGED"
"2011-08","AM",20717,16535,"CAGED"
"2011-08","AP",2885,2241,"CAGED"
"2011-08","BA",73045,65902,"CAGED"
"2011-08","CE",46630,38625,"CAGED"
"2011-08","DF",29700,26773,"CAGED"
"2011-08","ES",39949,37151,"CAGED"
"2011-08","GO",62226,55371,"CAGED"
"2011-08","MA",18523,15094,"CAGED"
"2011-08","MG",216040,216841,"CAGED"
"2011-08","MS",24530,22121,"CAGED"
"2011-08","MT",34977,32072,"CAGED"
"2011-08","PA",32381,25718,"CAGED"
"2011-08","PB",20720,10449,"CAGED"
"2011-08","PE",61070,42457,"CAGED"
"2011-08","PI",8885,7872,"CAGED"
"2011-08","PR",131769,117518,"CAGED"
"2011-08","RJ",152843,132978,"CAGED"
"2011-08","RN",19367,14771,"CAGED"
"2011-08","RO",14107,13508,"CAGED"
"2011-08","RR",1771,1356,"CAGED"
"2011-08","RS",122317,116708,"CAGED"
"2011-08","SC",96309,88712,"CAGED"
"2011-08","SE",11004,8483,"CAGED"
"2011-08","SP",566289,513256,"CAGED"
"2011-08","TO",6673,5844,"CAGED"
"2011-09","AC",2443,2357,"CAGED"
"2011-09","AL",40319,8382,"CAGED"
"2011-09","AM",19250,15931,"CAGED"
"2011-09","AP",3140,2188,"CAGED"
"2011-09","BA",66452,63427,"CAGED"
"2011-09","CE",44737,36133,"CAGED"
"2011-09","DF",28810,26330,"CAGED"
"2011-09","ES",35184,31730,"CAGED"
"2011-09","GO",59783,54453,"CAGED"
"2011-09","MA",17777,14018,"CAGED"
"2011-09","MG",206947,203593,"CAGED"
"2011-09","MS",22056,20421,"CAGED"
"2011-09","MT",34161,33394,"CAGED"
"2011-09","PA",32045,26170,"CAGED"
"2011-09","PB",13231,9398,"CAGED"
"2011-09","PE",67956,40190,"CAGED"
"2011-09","PI",8793,7509,"CAGED"
"2011-09","PR",125522,112365,"CAGED"
"2011-09","RJ",149948,126045,"CAGED"
"2011-09","RN",18007,13440,"CAGED"
"2011-09","RO",13235,12992,"CAGED"
"2011-09","RR",1993,1245,"CAGED"
"2011-09","RS",110942,104438,"CAGED"
"2011-09","SC",92376,82079,"CAGED"
"2011-09","SE",12648,7999,"CAGED"
"2011-09","SP",528595,492199,"CAGED"
"2011-09","TO",6676,5522,"CAGED"
"2011-10","AC",2639,2679,"CAGED"
"2011-10","AL",14433,8495,"CAGED"
"2011-10","AM",18344,15717,"CAGED"
"2011-10","AP",2743,2070,"CAGED"
"2011-10","BA",65272,64791,"CAGED"
"2011-10","CE",42861,36611,"CAGED"
"2011-10","DF",27695,24516,"CAGED"
"2011-10","ES",34502,30248,"CAGED"
"2011-10","GO",54652,59313,"CAGED"
"2011-10","MA",16409,14345,"CAGED"
"2011-10","MG",190049,182591,"CAGED"
"2011-10","MS",21147,23133,"CAGED"
"2011-10","MT",33147,32666,"CAGED"
"2011-10","PA",29111,23148,"CAGED"
"2011-10","PB",11213,9157,"CAGED"
"2011-10","PE",53237,45816,"CAGED"
"2011-10","PI",7551,6057,"CAGED"
"2011-10","PR",120860,109291,"CAGED"
"2011-10","RJ",139366,126107,"CAGED"
"2011-10","RN",15692,13751,"CAGED"
"2011-10","RO",12760,12793,"CAGED"
"2011-10","RR",1634,1451,"CAGED"
"2011-10","RS",120665,104143,"CAGED"
"2011-10","SC",97127,83974,"CAGED"
"2011-10","SE",10634,8395,"CAGED"
"2011-10","SP",515223,492344,"CAGED"
"2011-10","TO",5600,4821,"CAGED"
"2011-11","AC",2419,2683,"CAGED"
"2011-11","AL",10981,8951,"CAGED"
"2011-11","AM",16849,15546,"CAGED"
"2011-11","AP",2679,2183,"CAGED"
"2011-11","BA",60940,57783,"CAGED"
"2011-11","CE",41865,37497,"CAGED"
"2011-11","DF",26580,25150,"CAGED"
"2011-11","ES",34818,33104,"CAGED"
"2011-11","GO",51827,62293,"CAGED"
"2011-11","MA",16357,16023,"CAGED"
"2011-11","MG",185462,179637,"CAGED"
"2011-11","MS",20545,21830,"CAGED"
"2011-11","MT",29528,35319,"CAGED"
"2011-11","PA",28542,24316,"CAGED"
"2011-11","PB",11715,9565,"CAGED"
"2011-11","PE",48388,43253,"CAGED"
"2011-11","PI",8004,7414,"CAGED"
"2011-11","PR",119081,113418,"CAGED"
"2011-11","RJ",149334,124467,"CAGED"
"2011-11","RN",15047,14034,"CAGED"
"2011-11","RO",12773,14284,"CAGED"
"2011-11","RR",1572,1121,"CAGED"
"2011-11","RS",120401,107526,"CAGED"
"2011-11","SC",94722,82633,"CAGED"
"2011-11","SE",9549,8237,"CAGED"
"2011-11","SP",494357,523502,"CAGED"
"2011-11","TO",6087,5918,"CAGED"
"2011-12","AC",1858,2653,"CAGED"
"2011-12","AL",7903,9763,"CAGED"
"2011-12","AM",11591,17738,"CAGED"
"2011-12","AP",2281,2340,"CAGED"
"2011-12","BA",56087,71156,"CAGED"
"2011-12","CE",29928,36497,"CAGED"
"2011-12","DF",22729,30436,"CAGED"
"2011-12","ES",30983,35231,"CAGED"
"2011-12","GO",41422,62598,"CAGED"
"2011-12","MA",14105,17085,"CAGED"
"2011-12","MG",148956,200449,"CAGED"
"2011-12","MS",15054,24824,"CAGED"
"2011-12","MT",21989,35782,"CAGED"
"2011-12","PA",22513,29627,"CAGED"
"2011-12","PB",8978,10063,"CAGED"
"2011-12","PE",41053,46086,"CAGED"
"2011-12","PI",6024,10012,"CAGED"
"2011-12","PR",87552,121738,"CAGED"
"2011-12","RJ",128938,141645,"CAGED"
"2011-12","RN",12684,15782,"CAGED"
"2011-12","RO",10262,13745,"CAGED"
"2011-12","RR",1208,1448,"CAGED"
"2011-12","RS",98049,120767,"CAGED"
"2011-12","SC",70460,95700,"CAGED"
"2011-12","SE",7600,8996,"CAGED"
"2011-12","SP",400409,544440,"CAGED"
"2011-12","TO",4435,6622,"CAGED"
"2012-01","AC",2131,2371,"CAGED"
"2012-01","AL",10188,10451,"CAGED"
"2012-01","AM",15710,17054,"CAGED"
"2012-01","AP",2440,2307,"CAGED"
"2012-01","BA",67565,60704,"CAGED"
"2012-01","CE",38756,41420,"CAGED"
"2012-01","DF",28434,25927,"CAGED"
"2012-01","ES",36226,34738,"CAGED"
"2012-01","GO",59894,51818,"CAGED"
"2012-01","MA",16281,17181,"CAGED"
"2012-01","MG",190935,174393,"CAGED"
"2012-01","MS",23035,21065,"CAGED"
"2012-01","MT",40181,30039,"CAGED"
"2012-01","PA",27760,27130,"CAGED"
"2012-01","PB",11886,11721,"CAGED"
"2012-01","PE",46731,45350,"CAGED"
"2012-01","PI",8768,8550,"CAGED"
"2012-01","PR",135425,120772,"CAGED"
"2012-01","RJ",141614,142208,"CAGED"
"2012-01","RN",15237,16021,"CAGED"
"2012-01","RO",13236,12284,"CAGED"
"2012-01","RR",1420,1764,"CAGED"
"2012-01","RS",130481,117371,"CAGED"
"2012-01","SC",110820,94419,"CAGED"
"2012-01","SE",10619,8838,"CAGED"
"2012-01","SP",519808,491481,"CAGED"
"2012-01","TO",5909,5218,"CAGED"
"2012-02","AC",2250,2189,"CAGED"
"2012-02","AL",8244,11406,"CAGED"
"2012-02","AM",14561,15033,"CAGED"
"2012-02","AP",2112,2110,"CAGED"
"2012-02","BA",57361,58980,"CAGED"
"2012-02","CE",37764,34097,"CAGED"
"2012-02","DF",28791,24596,"CAGED"
"2012-02","ES",35390,34980,"CAGED"
"2012-02","GO",60934,50594,"CAGED"
"2012-02","MA",14863,15674,"CAGED"
"2012-02","MG",195489,174458,"CAGED"
"2012-02","MS",24004,21737,"CAGED"
"2012-02","MT",36800,30145,"CAGED"
"2012-02","PA",26970,24833,"CAGED"
"2012-02","PB",11446,14583,"CAGED"
"2012-02","PE",42273,46117,"CAGED"
"2012-02","PI",8094,7870,"CAGED"
"2012-02","PR",137609,123534,"CAGED"
"2012-02","RJ",146078,130007,"CAGED"
"2012-02","RN",13658,15870,"CAGED"
"2012-02","RO",13348,12475,"CAGED"
"2012-02","RR",1719,1536,"CAGED"
"2012-02","RS",130048,120320,"CAGED"
"2012-02","SC",118650,102931,"CAGED"
"2012-02","SE",9782,8498,"CAGED"
"2012-02","SP",555658,499904,"CAGED"
"2012-02","TO",6166,4985,"CAGED"
"2012-03","AC",2038,2618,"CAGED"
"2012-03","AL",8255,29287,"CAGED"
"2012-03","AM",16317,17078,"CAGED"
"2012-03","AP",2470,2609,"CAGED"
"2012-03","BA",68641,66398,"CAGED"
"2012-03","CE",38870,40457,"CAGED"
"2012-03","DF",29831,27981,"CAGED"
"2012-03","ES",40784,36664,"CAGED"
"2012-03","GO",65798,53083,"CAGED"
"2012-03","MA",14475,16112,"CAGED"
"2012-03","MG",220000,197326,"CAGED"
"2012-03","MS",25832,22827,"CAGED"
"2012-03","MT",35727,36533,"CAGED"
"2012-03","PA",28199,28345,"CAGED"
"2012-03","PB",12017,15438,"CAGED"
"2012-03","PE",49691,57877,"CAGED"
"2012-03","PI",9178,8717,"CAGED"
"2012-03","PR",149073,134222,"CAGED"
"2012-03","RJ",158597,146587,"CAGED"
"2012-03","RN",15586,15169,"CAGED"
"2012-03","RO",12685,12040,"CAGED"
"2012-03","RR",1881,1555,"CAGED"
"2012-03","RS",151636,134761,"CAGED"
"2012-03","SC",116914,107163,"CAGED"
"2012-03","SE",10604,10692,"CAGED"
"2012-03","SP",589981,542702,"CAGED"
"2012-03","TO",6047,5140,"CAGED"
"2012-04","AC",2664,1694,"CAGED"
"2012-04","AL",8224,21498,"CAGED"
"2012-04","AM",16263,15778,"CAGED"
"2012-04","AP",2494,1915,"CAGED"
"2012-04","BA",69411,61564,"CAGED"
"2012-04","CE",38591,36393,"CAGED"
"2012-04","DF",28837,24405,"CAGED"
"2012-04","ES",43488,33649,"CAGED"
"2012-04","GO",69111,51965,"CAGED"
"2012-04","MA",14816,14191,"CAGED"
"2012-04","MG",208716,179830,"CAGED"
"2012-04","MS",27652,21337,"CAGED"
"2012-04","MT",37317,33026,"CAGED"
"2012-04","PA",28595,23933,"CAGED"
"2012-04","PB",12647,11550,"CAGED"
"2012-04","PE",47869,49996,"CAGED"
"2012-04","PI",7713,6763,"CAGED"
"2012-04","PR",138133,117210,"CAGED"
"2012-04","RJ",149663,131122,"CAGED"
"2012-04","RN",14719,14771,"CAGED"
"2012-04","RO",11489,14802,"CAGED"
"2012-04","RR",1583,1691,"CAGED"
"2012-04","RS",128760,114597,"CAGED"
"2012-04","SC",99033,91114,"CAGED"
"2012-04","SE",8809,10997,"CAGED"
"2012-04","SP",575841,490495,"CAGED"
"2012-04","TO",5663,4841,"CAGED"
"2012-05","AC",2952,2140,"CAGED (legacy file)"
"2012-05","AL",8579,10686,"CAGED (legacy file)"
"2012-05","AM",16292,17074,"CAGED (legacy file)"
"2012-05","AP",2212,2056,"CAGED (legacy file)"
"2012-05","BA",69313,66242,"CAGED (legacy file)"
"2012-05","CE",39539,38776,"CAGED (legacy file)"
"2012-05","DF",29679,29582,"CAGED (legacy file)"
"2012-05","ES",44280,39742,"CAGED (legacy file)"
"2012-05","GO",62559,54546,"CAGED (legacy file)"
"2012-05","MA",17457,15727,"CAGED (legacy file)"
"2012-05","MG",222628,189944,"CAGED (legacy file)"
"2012-05","MS",23943,20721,"CAGED (legacy file)"
"2012-05","MT",36189,34048,"CAGED (legacy file)"
"2012-05","PA",28715,26499,"CAGED (legacy file)"
"2012-05","PB",12804,10580,"CAGED (legacy file)"
"2012-05","PE",51328,46620,"CAGED (legacy file)"
"2012-05","PI",8181,8182,"CAGED (legacy file)"
"2012-05","PR",130741,119003,"CAGED (legacy file)"
"2012-05","RJ",151703,139673,"CAGED (legacy file)"
"2012-05","RN",14367,15186,"CAGED (legacy file)"
"2012-05","RO",14214,11736,"CAGED (legacy file)"
"2012-05","RR",1415,1875,"CAGED (legacy file)"
"2012-05","RS",119684,123016,"CAGED (legacy file)"
"2012-05","SC",96261,94754,"CAGED (legacy file)"
"2012-05","SE",9223,9732,"CAGED (legacy file)"
"2012-05","SP",564454,511830,"CAGED (legacy file)"
"2012-05","TO",6363,5426,"CAGED (legacy file)"
"2012-06","AC",2747,2344,"CAGED (legacy file)"
"2012-06","AL",9818,9721,"CAGED (legacy file)"
"2012-06","AM",17110,15506,"CAGED (legacy file)"
"2012-06","AP",2880,2637,"CAGED (legacy file)"
"2012-06","BA",63960,63719,"CAGED (legacy file)"
"2012-06","CE",41341,37415,"CAGED (legacy file)"
"2012-06","DF",30636,30383,"CAGED (legacy file)"
"2012-06","ES",37925,43331,"CAGED (legacy file)"
"2012-06","GO",60438,55177,"CAGED (legacy file)"
"2012-06","MA",18319,16454,"CAGED (legacy file)"
"2012-06","MG",229145,190661,"CAGED (legacy file)"
"2012-06","MS",22148,20689,"CAGED (legacy file)"
"2012-06","MT",40475,32693,"CAGED (legacy file)"
"2012-06","PA",34094,28044,"CAGED (legacy file)"
"2012-06","PB",11509,10003,"CAGED (legacy file)"
"2012-06","PE",52919,42434,"CAGED (legacy file)"
"2012-06","PI",9670,8082,"CAGED (legacy file)"
"2012-06","PR",124777,119642,"CAGED (legacy file)"
"2012-06","RJ",151143,143282,"CAGED (legacy file)"
"2012-06","RN",15866,14235,"CAGED (legacy file)"
"2012-06","RO",14737,11958,"CAGED (legacy file)"
"2012-06","RR",1646,1472,"CAGED (legacy file)"
"2012-06","RS",113522,114347,"CAGED (legacy file)"
"2012-06","SC",88326,86962,"CAGED (legacy file)"
"2012-06","SE",9870,8773,"CAGED (legacy file)"
"2012-06","SP",521278,496082,"CAGED (legacy file)"
"2012-06","TO",6028,5841,"CAGED (legacy file)"
"2012-07","AC",2680,2206,"CAGED"
"2012-07","AL",9522,9353,"CAGED"
"2012-07","AM",17637,15754,"CAGED"
"2012-07","AP",3035,2229,"CAGED"
"2012-07","BA",65848,63639,"CAGED"
"2012-07","CE",44057,37362,"CAGED"
"2012-07","DF",29090,28529,"CAGED"
"2012-07","ES",39003,36402,"CAGED"
"2012-07","GO",60160,56168,"CAGED"
"2012-07","MA",19210,15810,"CAGED"
"2012-07","MG",219851,200635,"CAGED"
"2012-07","MS",23999,22103,"CAGED"
"2012-07","MT",38165,32338,"CAGED"
"2012-07","PA",31685,24926,"CAGED"
"2012-07","PB",12421,11624,"CAGED"
"2012-07","PE",48390,46131,"CAGED"
"2012-07","PI",9513,7802,"CAGED"
"2012-07","PR",129959,123953,"CAGED"
"2012-07","RJ",156863,143424,"CAGED"
"2012-07","RN",16712,14234,"CAGED"
"2012-07","RO",14646,12519,"CAGED"
"2012-07","RR",2274,1514,"CAGED"
"2012-07","RS",118762,114935,"CAGED"
"2012-07","SC",92488,89261,"CAGED"
"2012-07","SE",10195,8729,"CAGED"
"2012-07","SP",531446,483609,"CAGED"
"2012-07","TO",5630,5556,"CAGED"
"2012-08","AC",2838,2380,"CAGED (legacy file)"
"2012-08","AL",10381,10356,"CAGED (legacy file)"
"2012-08","AM",18809,17562,"CAGED (legacy file)"
"2012-08","AP",3465,2449,"CAGED (legacy file)"
"2012-08","BA",67610,67168,"CAGED (legacy file)"
"2012-08","CE",45313,40216,"CAGED (legacy file)"
"2012-08","DF",30871,29441,"CAGED (legacy file)"
"2012-08","ES",37947,38448,"CAGED (legacy file)"
"2012-08","GO",61903,57899,"CAGED (legacy file)"
"2012-08","MA",18742,17308,"CAGED (legacy file)"
"2012-08","MG",213915,216702,"CAGED (legacy file)"
"2012-08","MS",25965,24756,"CAGED (legacy file)"
"2012-08","MT",37515,36277,"CAGED (legacy file)"
"2012-08","PA",31623,29395,"CAGED (legacy file)"
"2012-08","PB",19946,12095,"CAGED (legacy file)"
"2012-08","PE",55592,46374,"CAGED (legacy file)"
"2012-08","PI",9749,8666,"CAGED (legacy file)"
"2012-08","PR",137481,129390,"CAGED (legacy file)"
"2012-08","RJ",157780,148152,"CAGED (legacy file)"
"2012-08","RN",18030,15331,"CAGED (legacy file)"
"2012-08","RO",13772,12951,"CAGED (legacy file)"
"2012-08","RR",1894,1513,"CAGED (legacy file)"
"2012-08","RS",127410,120703,"CAGED (legacy file)"
"2012-08","SC",98431,93065,"CAGED (legacy file)"
"2012-08","SE",11204,9435,"CAGED (legacy file)"
"2012-08","SP",554720,524255,"CAGED (legacy file)"
"2012-08","TO",6861,6542,"CAGED (legacy file)"
"2012-09","AC",2052,2153,"CAGED"
"2012-09","AL",35339,7767,"CAGED"
"2012-09","AM",16361,14599,"CAGED"
"2012-09","AP",2654,2134,"CAGED"
"2012-09","BA",59395,55916,"CAGED"
"2012-09","CE",43250,34424,"CAGED"
"2012-09","DF",25897,25872,"CAGED"
"2012-09","ES",34659,31932,"CAGED"
"2012-09","GO",55530,53923,"CAGED"
"2012-09","MA",15376,13544,"CAGED"
"2012-09","MG",197938,199118,"CAGED"
"2012-09","MS",21835,20704,"CAGED"
"2012-09","MT",34919,32268,"CAGED"
"2012-09","PA",27947,24454,"CAGED"
"2012-09","PB",13725,10109,"CAGED"
"2012-09","PE",62586,43696,"CAGED"
"2012-09","PI",8314,8100,"CAGED"
"2012-09","PR",124548,114989,"CAGED"
"2012-09","RJ",143311,127448,"CAGED"
"2012-09","RN",17640,12357,"CAGED"
"2012-09","RO",11926,12017,"CAGED"
"2012-09","RR",1809,1265,"CAGED"
"2012-09","RS",110240,101994,"CAGED"
"2012-09","SC",91048,84122,"CAGED"
"2012-09","SE",9908,8374,"CAGED"
"2012-09","SP",491797,465458,"CAGED"
"2012-09","TO",4743,5676,"CAGED"
"2012-10","AC",2203,2496,"CAGED (legacy file)"
"2012-10","AL",13945,8526,"CAGED (legacy file)"
"2012-10","AM",17717,16168,"CAGED (legacy file)"
"2012-10","AP",2535,2629,"CAGED (legacy file)"
"2012-10","BA",62841,67727,"CAGED (legacy file)"
"2012-10","CE",43727,39793,"CAGED (legacy file)"
"2012-10","DF",26860,27480,"CAGED (legacy file)"
"2012-10","ES",36389,33980,"CAGED (legacy file)"
"2012-10","GO",58329,60000,"CAGED (legacy file)"
"2012-10","MA",17265,17243,"CAGED (legacy file)"
"2012-10","MG",196888,201927,"CAGED (legacy file)"
"2012-10","MS",21794,21020,"CAGED (legacy file)"
"2012-10","MT",36239,35191,"CAGED (legacy file)"
"2012-10","PA",29650,28250,"CAGED (legacy file)"
"2012-10","PB",12783,11029,"CAGED (legacy file)"
"2012-10","PE",53226,49626,"CAGED (legacy file)"
"2012-10","PI",8293,7343,"CAGED (legacy file)"
"2012-10","PR",129864,123208,"CAGED (legacy file)"
"2012-10","RJ",144999,138135,"CAGED (legacy file)"
"2012-10","RN",14768,14953,"CAGED (legacy file)"
"2012-10","RO",12493,13499,"CAGED (legacy file)"
"2012-10","RR",1929,1525,"CAGED (legacy file)"
"2012-10","RS",124643,113449,"CAGED (legacy file)"
"2012-10","SC",103395,94426,"CAGED (legacy file)"
"2012-10","SE",13042,9903,"CAGED (legacy file)"
"2012-10","SP",519632,498565,"CAGED (legacy file)"
"2012-10","TO",5131,5501,"CAGED (legacy file)"
"2012-11","AC",1867,2420,"CAGED"
"2012-11","AL",12699,9811,"CAGED"
"2012-11","AM",14810,16080,"CAGED"
"2012-11","AP",2787,2510,"CAGED"
"2012-11","BA",63461,57766,"CAGED"
"2012-11","CE",41819,37330,"CAGED"
"2012-11","DF",25943,26491,"CAGED"
"2012-11","ES",35708,33763,"CAGED"
"2012-11","GO",55975,64624,"CAGED"
"2012-11","MA",16497,16815,"CAGED"
"2012-11","MG",186370,190805,"CAGED"
"2012-11","MS",22508,22221,"CAGED"
"2012-11","MT",31736,37646,"CAGED"
"2012-11","PA",27949,28479,"CAGED"
"2012-11","PB",12849,10941,"CAGED"
"2012-11","PE",49151,48098,"CAGED"
"2012-11","PI",8952,9788,"CAGED"
"2012-11","PR",122715,116958,"CAGED"
"2012-11","RJ",147555,134322,"CAGED"
"2012-11","RN",16134,14694,"CAGED"
"2012-11","RO",12934,13790,"CAGED"
"2012-11","RR",1756,1545,"CAGED"
"2012-11","RS",125766,110007,"CAGED"
"2012-11","SC",93380,85334,"CAGED"
"2012-11","SE",10327,9579,"CAGED"
"2012-11","SP",477977,470774,"CAGED"
"2012-11","TO",4681,5620,"CAGED"
"2012-12","AC",1522,3442,"CAGED"
"2012-12","AL",7435,10048,"CAGED"
"2012-12","AM",10014,17643,"CAGED"
"2012-12","AP",1810,2769,"CAGED"
"2012-12","BA",50074,66347,"CAGED"
"2012-12","CE",28439,33655,"CAGED"
"2012-12","DF",21084,25771,"CAGED"
"2012-12","ES",29043,34749,"CAGED"
"2012-12","GO",40445,61845,"CAGED"
"2012-12","MA",10595,18422,"CAGED"
"2012-12","MG",141169,198211,"CAGED"
"2012-12","MS",16299,24909,"CAGED"
"2012-12","MT",23269,36232,"CAGED"
"2012-12","PA",19645,30920,"CAGED"
"2012-12","PB",9255,10182,"CAGED"
"2012-12","PE",35805,45442,"CAGED"
"2012-12","PI",5972,8354,"CAGED"
"2012-12","PR",82268,125539,"CAGED"
"2012-12","RJ",124848,144141,"CAGED"
"2012-12","RN",12161,14541,"CAGED"
"2012-12","RO",8527,12640,"CAGED"
"2012-12","RR",1101,1544,"CAGED"
"2012-12","RS",89544,117415,"CAGED"
"2012-12","SC",64082,95437,"CAGED"
"2012-12","SE",6941,10391,"CAGED"
"2012-12","SP",366466,551753,"CAGED"
"2012-12","TO",3403,5818,"CAGED"
"2013-01","AC",2410,2913,"CAGED (legacy file)"
"2013-01","AL",9337,11430,"CAGED (legacy file)"
"2013-01","AM",17193,17179,"CAGED (legacy file)"
"2013-01","AP",2884,2913,"CAGED (legacy file)"
"2013-01","BA",64977,65605,"CAGED (legacy file)"
"2013-01","CE",41595,46295,"CAGED (legacy file)"
"2013-01","DF",29223,28375,"CAGED (legacy file)"
"2013-01","ES",39402,40771,"CAGED (legacy file)"
"2013-01","GO",64595,58588,"CAGED (legacy file)"
"2013-01","MA",15522,18755,"CAGED (legacy file)"
"2013-01","MG",202470,194990,"CAGED (legacy file)"
"2013-01","MS",25297,24913,"CAGED (legacy file)"
"2013-01","MT",43965,34869,"CAGED (legacy file)"
"2013-01","PA",29048,32054,"CAGED (legacy file)"
"2013-01","PB",12910,15609,"CAGED (legacy file)"
"2013-01","PE",46212,57743,"CAGED (legacy file)"
"2013-01","PI",8376,9404,"CAGED (legacy file)"
"2013-01","PR",140648,129523,"CAGED (legacy file)"
"2013-01","RJ",149321,173971,"CAGED (legacy file)"
"2013-01","RN",15457,18722,"CAGED (legacy file)"
"2013-01","RO",11809,12851,"CAGED (legacy file)"
"2013-01","RR",1792,2843,"CAGED (legacy file)"
"2013-01","RS",143097,124308,"CAGED (legacy file)"
"2013-01","SC",117192,98263,"CAGED (legacy file)"
"2013-01","SE",9574,9597,"CAGED (legacy file)"
"2013-01","SP",544161,527205,"CAGED (legacy file)"
"2013-01","TO",5805,5683,"CAGED (legacy file)"
"2013-02","AC",2162,2269,"CAGED"
"2013-02","AL",8144,15917,"CAGED"
"2013-02","AM",16442,16414,"CAGED"
"2013-02","AP",2645,2400,"CAGED"
"2013-02","BA",59530,60606,"CAGED"
"2013-02","CE",41244,38184,"CAGED"
"2013-02","DF",29700,26663,"CAGED"
"2013-02","ES",37064,37272,"CAGED"
"2013-02","GO",65674,53999,"CAGED"
"2013-02","MA",14607,15824,"CAGED"
"2013-02","MG",193444,183520,"CAGED"
"2013-02","MS",26120,23081,"CAGED"
"2013-02","MT",40028,34797,"CAGED"
"2013-02","PA",29626,27416,"CAGED"
"2013-02","PB",12507,15700,"CAGED"
"2013-02","PE",44010,48380,"CAGED"
"2013-02","PI",7990,8335,"CAGED"
"2013-02","PR",142115,126258,"CAGED"
"2013-02","RJ",146122,137430,"CAGED"
"2013-02","RN",14252,15096,"CAGED"
"2013-02","RO",12751,12559,"CAGED"
"2013-02","RR",1909,1541,"CAGED"
"2013-02","RS",139771,122684,"CAGED"
"2013-02","SC",118662,103590,"CAGED"
"2013-02","SE",9097,9220,"CAGED"
"2013-02","SP",552968,505199,"CAGED"
"2013-02","TO",5827,6611,"CAGED"
"2013-03","AC",1983,2311,"CAGED"
"2013-03","AL",8049,23623,"CAGED"
"2013-03","AM",17162,15841,"CAGED"
"2013-03","AP",2824,2560,"CAGED"
"2013-03","BA",63736,63361,"CAGED"
"2013-03","CE",39421,40446,"CAGED"
"2013-03","DF",29792,27391,"CAGED"
"2013-03","ES",39854,37674,"CAGED"
"2013-03","GO",63026,54994,"CAGED"
"2013-03","MA",16365,17094,"CAGED"
"2013-03","MG",215939,196347,"CAGED"
"2013-03","MS",27370,23732,"CAGED"
"2013-03","MT",35477,39653,"CAGED"
"2013-03","PA",29832,29146,"CAGED"
"2013-03","PB",11159,14800,"CAGED"
"2013-03","PE",43011,55580,"CAGED"
"2013-03","PI",8601,8112,"CAGED"
"2013-03","PR",148898,131450,"CAGED"
"2013-03","RJ",166080,150721,"CAGED"
"2013-03","RN",15075,14666,"CAGED"
"2013-03","RO",11980,11736,"CAGED"
"2013-03","RR",1673,2709,"CAGED"
"2013-03","RS",154763,126659,"CAGED"
"2013-03","SC",112416,104433,"CAGED"
"2013-03","SE",10706,14061,"CAGED"
"2013-03","SP",568798,522478,"CAGED"
"2013-03","TO",5158,5120,"CAGED"
"2013-04","AC",2468,2048,"CAGED"
"2013-04","AL",8490,22136,"CAGED"
"2013-04","AM",18452,18502,"CAGED"
"2013-04","AP",3115,2532,"CAGED"
"2013-04","BA",74744,64558,"CAGED"
"2013-04","CE",44235,40213,"CAGED"
"2013-04","DF",31897,27821,"CAGED"
"2013-04","ES",45308,36848,"CAGED"
"2013-04","GO",77458,58782,"CAGED"
"2013-04","MA",16113,16849,"CAGED"
"2013-04","MG",221347,197824,"CAGED"
"2013-04","MS",27875,23233,"CAGED"
"2013-04","MT",39950,37366,"CAGED"
"2013-04","PA",29014,28864,"CAGED"
"2013-04","PB",12453,12248,"CAGED"
"2013-04","PE",47844,52201,"CAGED"
"2013-04","PI",9247,7923,"CAGED"
"2013-04","PR",150671,131734,"CAGED"
"2013-04","RJ",164647,149647,"CAGED"
"2013-04","RN",15968,17114,"CAGED"
"2013-04","RO",12629,12324,"CAGED"
"2013-04","RR",1860,1869,"CAGED"
"2013-04","RS",142252,132168,"CAGED"
"2013-04","SC",112679,102406,"CAGED"
"2013-04","SE",11857,9337,"CAGED"
"2013-04","SP",609350,529123,"CAGED"
"2013-04","TO",6246,5586,"CAGED"
"2013-05","AC",2925,2354,"CAGED"
"2013-05","AL",9101,12554,"CAGED"
"2013-05","AM",17601,17547,"CAGED"
"2013-05","AP",2814,2638,"CAGED"
"2013-05","BA",71440,66872,"CAGED"
"2013-05","CE",45600,43594,"CAGED"
"2013-05","DF",29606,31538,"CAGED"
"2013-05","ES",46255,44750,"CAGED"
"2013-05","GO",64470,59962,"CAGED"
"2013-05","MA",15628,17464,"CAGED"
"2013-05","MG",226553,200637,"CAGED"
"2013-05","MS",26064,23398,"CAGED"
"2013-05","MT",36242,35319,"CAGED"
"2013-05","PA",29958,30003,"CAGED"
"2013-05","PB",13867,12707,"CAGED"
"2013-05","PE",47142,49544,"CAGED"
"2013-05","PI",10526,8295,"CAGED"
"2013-05","PR",137870,128157,"CAGED"
"2013-05","RJ",163470,158895,"CAGED"
"2013-05","RN",15597,15494,"CAGED"
"2013-05","RO",13099,14133,"CAGED"
"2013-05","RR",1655,1868,"CAGED"
"2013-05","RS",126528,128644,"CAGED"
"2013-05","SC",101675,99271,"CAGED"
"2013-05","SE",9548,9830,"CAGED"
"2013-05","SP",556303,533869,"CAGED"
"2013-05","TO",5585,5757,"CAGED"
"2013-06","AC",2364,2165,"CAGED"
"2013-06","AL",9168,10150,"CAGED"
"2013-06","AM",17449,15115,"CAGED"
"2013-06","AP",2632,2863,"CAGED"
"2013-06","BA",63205,61769,"CAGED"
"2013-06","CE",48967,37841,"CAGED"
"2013-06","DF",30297,30540,"CAGED"
"2013-06","ES",39641,40606,"CAGED"
"2013-06","GO",65551,57681,"CAGED"
"2013-06","MA",17437,16703,"CAGED"
"2013-06","MG",222867,194803,"CAGED"
"2013-06","MS",25205,23768,"CAGED"
"2013-06","MT",41294,34351,"CAGED"
"2013-06","PA",32680,29716,"CAGED"
"2013-06","PB",11778,10955,"CAGED"
"2013-06","PE",47742,43297,"CAGED"
"2013-06","PI",10026,8394,"CAGED"
"2013-06","PR",130785,125528,"CAGED"
"2013-06","RJ",158044,150213,"CAGED"
"2013-06","RN",16075,14963,"CAGED"
"2013-06","RO",12261,12534,"CAGED"
"2013-06","RR",1652,2059,"CAGED"
"2013-06","RS",119784,116467,"CAGED"
"2013-06","SC",95678,90151,"CAGED"
"2013-06","SE",9721,9486,"CAGED"
"2013-06","SP",534328,500432,"CAGED"
"2013-06","TO",5563,5808,"CAGED"
"2013-07","AC",2504,2399,"CAGED"
"2013-07","AL",10431,9079,"CAGED"
"2013-07","AM",20696,17361,"CAGED"
"2013-07","AP",2919,2782,"CAGED"
"2013-07","BA",67856,64576,"CAGED"
"2013-07","CE",45391,42491,"CAGED"
"2013-07","DF",31678,31217,"CAGED"
"2013-07","ES",38533,40467,"CAGED"
"2013-07","GO",63960,61937,"CAGED"
"2013-07","MA",18025,16449,"CAGED"
"2013-07","MG",221037,209404,"CAGED"
"2013-07","MS",25340,25445,"CAGED"
"2013-07","MT",41570,37174,"CAGED"
"2013-07","PA",32193,28451,"CAGED"
"2013-07","PB",13103,13195,"CAGED"
"2013-07","PE",47057,49958,"CAGED"
"2013-07","PI",10335,9359,"CAGED"
"2013-07","PR",135800,134000,"CAGED"
"2013-07","RJ",154188,154943,"CAGED"
"2013-07","RN",16715,15452,"CAGED"
"2013-07","RO",14295,14062,"CAGED"
"2013-07","RR",2201,2136,"CAGED"
"2013-07","RS",125030,128674,"CAGED"
"2013-07","SC",100274,98930,"CAGED"
"2013-07","SE",10883,9232,"CAGED"
"2013-07","SP",523466,514992,"CAGED"
"2013-07","TO",5828,5680,"CAGED"
"2013-08","AC",2430,2477,"CAGED"
"2013-08","AL",9968,8841,"CAGED"
"2013-08","AM",20527,18428,"CAGED"
"2013-08","AP",3382,3015,"CAGED"
"2013-08","BA",70011,66056,"CAGED"
"2013-08","CE",47065,40284,"CAGED"
"2013-08","DF",31184,30231,"CAGED"
"2013-08","ES",41550,38314,"CAGED"
"2013-08","GO",64740,62065,"CAGED"
"2013-08","MA",20748,17213,"CAGED"
"2013-08","MG",205072,206786,"CAGED"
"2013-08","MS",26540,23846,"CAGED"
"2013-08","MT",40381,37477,"CAGED"
"2013-08","PA",33529,31517,"CAGED"
"2013-08","PB",17397,12495,"CAGED"
"2013-08","PE",54226,46839,"CAGED"
"2013-08","PI",10542,9550,"CAGED"
"2013-08","PR",140547,128288,"CAGED"
"2013-08","RJ",160463,150359,"CAGED"
"2013-08","RN",18687,15468,"CAGED"
"2013-08","RO",13438,12721,"CAGED"
"2013-08","RR",2011,1674,"CAGED"
"2013-08","RS",131467,124504,"CAGED"
"2013-08","SC",104540,95872,"CAGED"
"2013-08","SE",10913,9677,"CAGED"
"2013-08","SP",557491,517927,"CAGED"
"2013-08","TO",7066,6343,"CAGED"
"2013-09","AC",2267,1999,"CAGED"
"2013-09","AL",24721,8436,"CAGED"
"2013-09","AM",19998,17386,"CAGED"
"2013-09","AP",2746,2271,"CAGED"
"2013-09","BA",68226,62023,"CAGED"
"2013-09","CE",46321,38040,"CAGED"
"2013-09","DF",29475,27306,"CAGED"
"2013-09","ES",37472,32713,"CAGED"
"2013-09","GO",60725,55565,"CAGED"
"2013-09","MA",18418,15505,"CAGED"
"2013-09","MG",204023,197098,"CAGED"
"2013-09","MS",23757,22796,"CAGED"
"2013-09","MT",37939,35490,"CAGED"
"2013-09","PA",34307,26990,"CAGED"
"2013-09","PB",18035,11417,"CAGED"
"2013-09","PE",73270,43282,"CAGED"
"2013-09","PI",10229,9850,"CAGED"
"2013-09","PR",134291,118366,"CAGED"
"2013-09","RJ",156174,140521,"CAGED"
"2013-09","RN",18332,13150,"CAGED"
"2013-09","RO",11908,11980,"CAGED"
"2013-09","RR",1901,1406,"CAGED"
"2013-09","RS",121848,110994,"CAGED"
"2013-09","SC",100433,89209,"CAGED"
"2013-09","SE",10956,8643,"CAGED"
"2013-09","SP",531888,486613,"CAGED"
"2013-09","TO",5798,5341,"CAGED"
"2013-10","AC",2358,2367,"CAGED (legacy file)"
"2013-10","AL",24699,8746,"CAGED (legacy file)"
"2013-10","AM",21604,17164,"CAGED (legacy file)"
"2013-10","AP",3266,2975,"CAGED (legacy file)"
"2013-10","BA",70154,72573,"CAGED (legacy file)"
"2013-10","CE",48098,41309,"CAGED (legacy file)"
"2013-10","DF",30825,30510,"CAGED (legacy file)"
"2013-10","ES",38872,36327,"CAGED (legacy file)"
"2013-10","GO",61859,63859,"CAGED (legacy file)"
"2013-10","MA",18721,15158,"CAGED (legacy file)"
"2013-10","MG",203650,209946,"CAGED (legacy file)"
"2013-10","MS",25275,22973,"CAGED (legacy file)"
"2013-10","MT",40338,39289,"CAGED (legacy file)"
"2013-10","PA",34302,31816,"CAGED (legacy file)"
"2013-10","PB",14976,12237,"CAGED (legacy file)"
"2013-10","PE",57684,52360,"CAGED (legacy file)"
"2013-10","PI",10144,7540,"CAGED (legacy file)"
"2013-10","PR",135686,127487,"CAGED (legacy file)"
"2013-10","RJ",162548,155862,"CAGED (legacy file)"
"2013-10","RN",16797,16009,"CAGED (legacy file)"
"2013-10","RO",12395,12942,"CAGED (legacy file)"
"2013-10","RR",1408,1553,"CAGED (legacy file)"
"2013-10","RS",132139,122595,"CAGED (legacy file)"
"2013-10","SC",110607,98557,"CAGED (legacy file)"
"2013-10","SE",14827,9834,"CAGED (legacy file)"
"2013-10","SP",541558,528704,"CAGED (legacy file)"
"2013-10","TO",6316,5521,"CAGED (legacy file)"
"2013-11","AC",2171,2155,"CAGED"
"2013-11","AL",13025,9358,"CAGED"
"2013-11","AM",17794,15705,"CAGED"
"2013-11","AP",2658,2747,"CAGED"
"2013-11","BA",64934,56972,"CAGED"
"2013-11","CE",47036,38287,"CAGED"
"2013-11","DF",27571,27039,"CAGED"
"2013-11","ES",35499,33783,"CAGED"
"2013-11","GO",52826,61223,"CAGED"
"2013-11","MA",16355,15702,"CAGED"
"2013-11","MG",177019,188961,"CAGED"
"2013-11","MS",21275,21347,"CAGED"
"2013-11","MT",30763,35967,"CAGED"
"2013-11","PA",30607,29434,"CAGED"
"2013-11","PB",13821,11035,"CAGED"
"2013-11","PE",49544,44227,"CAGED"
"2013-11","PI",8829,9615,"CAGED"
"2013-11","PR",118566,113557,"CAGED"
"2013-11","RJ",148578,131593,"CAGED"
"2013-11","RN",16462,15415,"CAGED"
"2013-11","RO",10815,13182,"CAGED"
"2013-11","RR",1760,1808,"CAGED"
"2013-11","RS",123489,113046,"CAGED"
"2013-11","SC",95713,86075,"CAGED"
"2013-11","SE",11705,8646,"CAGED"
"2013-11","SP",474643,478394,"CAGED"
"2013-11","TO",4968,5667,"CAGED"
"2013-12","AC",1338,2028,"CAGED"
"2013-12","AL",7368,7838,"CAGED"
"2013-12","AM",9716,15328,"CAGED"
"2013-12","AP",1680,2397,"CAGED"
"2013-12","BA",43746,53983,"CAGED"
"2013-12","CE",28701,30875,"CAGED"
"2013-12","DF",22423,29617,"CAGED"
"2013-12","ES",25222,31004,"CAGED"
"2013-12","GO",36851,60027,"CAGED"
"2013-12","MA",9314,15118,"CAGED"
"2013-12","MG",128598,179300,"CAGED"
"2013-12","MS",12800,21040,"CAGED"
"2013-12","MT",21522,34493,"CAGED"
"2013-12","PA",16493,23824,"CAGED"
"2013-12","PB",7877,9111,"CAGED"
"2013-12","PE",33103,39372,"CAGED"
"2013-12","PI",5401,7376,"CAGED"
"2013-12","PR",76405,119427,"CAGED"
"2013-12","RJ",106040,117841,"CAGED"
"2013-12","RN",12299,13544,"CAGED"
"2013-12","RO",7536,10627,"CAGED"
"2013-12","RR",1145,1238,"CAGED"
"2013-12","RS",82450,110430,"CAGED"
"2013-12","SC",60148,94478,"CAGED"
"2013-12","SE",6706,8327,"CAGED"
"2013-12","SP",326387,500208,"CAGED"
"2013-12","TO",3253,5115,"CAGED"
"2014-01","AC",2126,2198,"CAGED"
"2014-01","AL",9906,14601,"CAGED"
"2014-01","AM",16099,18757,"CAGED"
"2014-01","AP",2599,2809,"CAGED"
"2014-01","BA",68994,65000,"CAGED"
"2014-01","CE",41711,45422,"CAGED"
"2014-01","DF",30967,30863,"CAGED"
"2014-01","ES",36827,37749,"CAGED"
"2014-01","GO",63304,59208,"CAGED"
"2014-01","MA",14854,19374,"CAGED"
"2014-01","MG",196755,189544,"CAGED"
"2014-01","MS",25046,24030,"CAGED"
"2014-01","MT",44516,34252,"CAGED"
"2014-01","PA",28381,32039,"CAGED"
"2014-01","PB",14696,13631,"CAGED"
"2014-01","PE",48462,52985,"CAGED"
"2014-01","PI",9087,9222,"CAGED"
"2014-01","PR",138126,126135,"CAGED"
"2014-01","RJ",142107,163655,"CAGED"
"2014-01","RN",17915,17198,"CAGED"
"2014-01","RO",10953,12435,"CAGED"
"2014-01","RR",1725,1789,"CAGED"
"2014-01","RS",135097,125513,"CAGED"
"2014-01","SC",117980,99663,"CAGED"
"2014-01","SE",10414,9272,"CAGED"
"2014-01","SP",543291,535342,"CAGED"
"2014-01","TO",6139,5796,"CAGED"
"2014-02","AC",2413,2105,"CAGED"
"2014-02","AL",9454,9438,"CAGED"
"2014-02","AM",16607,16532,"CAGED"
"2014-02","AP",2414,2942,"CAGED"
"2014-02","BA",69334,61914,"CAGED"
"2014-02","CE",47607,40376,"CAGED"
"2014-02","DF",36420,31239,"CAGED"
"2014-02","ES",42807,38641,"CAGED"
"2014-02","GO",68193,55639,"CAGED"
"2014-02","MA",15681,16547,"CAGED"
"2014-02","MG",212029,189315,"CAGED"
"2014-02","MS",28178,23816,"CAGED"
"2014-02","MT",42476,35058,"CAGED"
"2014-02","PA",31504,29519,"CAGED"
"2014-02","PB",15335,13950,"CAGED"
"2014-02","PE",50169,51052,"CAGED"
"2014-02","PI",10081,9115,"CAGED"
"2014-02","PR",158652,133040,"CAGED"
"2014-02","RJ",171432,145612,"CAGED"
"2014-02","RN",17253,16322,"CAGED"
"2014-02","RO",12011,12174,"CAGED"
"2014-02","RR",1917,1653,"CAGED"
"2014-02","RS",158081,131594,"CAGED"
"2014-02","SC",137524,109633,"CAGED"
"2014-02","SE",10408,9043,"CAGED"
"2014-02","SP",614349,536421,"CAGED"
"2014-02","TO",6852,5668,"CAGED"
"2014-03","AC",1703,2575,"CAGED (legacy file)"
"2014-03","AL",7876,18008,"CAGED (legacy file)"
"2014-03","AM",16509,16981,"CAGED (legacy file)"
"2014-03","AP",2359,3665,"CAGED (legacy file)"
"2014-03","BA",61907,61276,"CAGED (legacy file)"
"2014-03","CE",38647,40647,"CAGED (legacy file)"
"2014-03","DF",30122,28568,"CAGED (legacy file)"
"2014-03","ES",36771,37026,"CAGED (legacy file)"
"2014-03","GO",60629,58531,"CAGED (legacy file)"
"2014-03","MA",14913,17550,"CAGED (legacy file)"
"2014-03","MG",198292,194591,"CAGED (legacy file)"
"2014-03","MS",25570,24997,"CAGED (legacy file)"
"2014-03","MT",36259,41373,"CAGED (legacy file)"
"2014-03","PA",29701,30838,"CAGED (legacy file)"
"2014-03","PB",12307,16001,"CAGED (legacy file)"
"2014-03","PE",41909,49792,"CAGED (legacy file)"
"2014-03","PI",9629,8646,"CAGED (legacy file)"
"2014-03","PR",141422,135482,"CAGED (legacy file)"
"2014-03","RJ",147797,152130,"CAGED (legacy file)"
"2014-03","RN",14809,16106,"CAGED (legacy file)"
"2014-03","RO",11442,11264,"CAGED (legacy file)"
"2014-03","RR",2014,1761,"CAGED (legacy file)"
"2014-03","RS",148944,135236,"CAGED (legacy file)"
"2014-03","SC",117728,111314,"CAGED (legacy file)"
"2014-03","SE",10424,11439,"CAGED (legacy file)"
"2014-03","SP",542277,523050,"CAGED (legacy file)"
"2014-03","TO",6009,6005,"CAGED (legacy file)"
"2014-04","AC",2158,2271,"CAGED"
"2014-04","AL",8924,21245,"CAGED"
"2014-04","AM",16780,18424,"CAGED"
"2014-04","AP",3052,2592,"CAGED"
"2014-04","BA",64717,63835,"CAGED"
"2014-04","CE",45205,40742,"CAGED"
"2014-04","DF",31016,26856,"CAGED"
"2014-04","ES",41967,37135,"CAGED"
"2014-04","GO",70302,59702,"CAGED"
"2014-04","MA",15442,15876,"CAGED"
"2014-04","MG",209392,194259,"CAGED"
"2014-04","MS",26994,26675,"CAGED"
"2014-04","MT",40645,39791,"CAGED"
"2014-04","PA",32560,29537,"CAGED"
"2014-04","PB",14150,15395,"CAGED"
"2014-04","PE",50552,60788,"CAGED"
"2014-04","PI",11284,8301,"CAGED"
"2014-04","PR",140935,128557,"CAGED"
"2014-04","RJ",159722,148778,"CAGED"
"2014-04","RN",17122,16640,"CAGED"
"2014-04","RO",11599,11627,"CAGED"
"2014-04","RR",2236,1841,"CAGED"
"2014-04","RS",139116,130527,"CAGED"
"2014-04","SC",110956,104200,"CAGED"
"2014-04","SE",11432,11798,"CAGED"
"2014-04","SP",577764,533390,"CAGED"
"2014-04","TO",6493,6349,"CAGED"
"2014-05","AC",2643,2321,"CAGED (legacy file)"
"2014-05","AL",8091,16671,"CAGED (legacy file)"
"2014-05","AM",17401,20005,"CAGED (legacy file)"
"2014-05","AP",2158,2877,"CAGED (legacy file)"
"2014-05","BA",73904,65699,"CAGED (legacy file)"
"2014-05","CE",46149,42971,"CAGED (legacy file)"
"2014-05","DF",32492,33552,"CAGED (legacy file)"
"2014-05","ES",47313,41223,"CAGED (legacy file)"
"2014-05","GO",69670,62097,"CAGED (legacy file)"
"2014-05","MA",17455,16759,"CAGED (legacy file)"
"2014-05","MG",223555,200630,"CAGED (legacy file)"
"2014-05","MS",24844,24278,"CAGED (legacy file)"
"2014-05","MT",39956,39270,"CAGED (legacy file)"
"2014-05","PA",35992,30788,"CAGED (legacy file)"
"2014-05","PB",13852,13539,"CAGED (legacy file)"
"2014-05","PE",48913,59619,"CAGED (legacy file)"
"2014-05","PI",10052,9333,"CAGED (legacy file)"
"2014-05","PR",135238,128398,"CAGED (legacy file)"
"2014-05","RJ",165735,156815,"CAGED (legacy file)"
"2014-05","RN",16691,17097,"CAGED (legacy file)"
"2014-05","RO",13639,12142,"CAGED (legacy file)"
"2014-05","RR",2013,2064,"CAGED (legacy file)"
"2014-05","RS",125761,129887,"CAGED (legacy file)"
"2014-05","SC",103238,103239,"CAGED (legacy file)"
"2014-05","SE",10828,11352,"CAGED (legacy file)"
"2014-05","SP",554904,541703,"CAGED (legacy file)"
"2014-05","TO",7104,6426,"CAGED (legacy file)"
"2014-06","AC",2651,2282,"CAGED"
"2014-06","AL",8454,9104,"CAGED"
"2014-06","AM",14446,15158,"CAGED"
"2014-06","AP",2211,2378,"CAGED"
"2014-06","BA",58302,60866,"CAGED"
"2014-06","CE",40340,40440,"CAGED"
"2014-06","DF",31969,31502,"CAGED"
"2014-06","ES",35854,39951,"CAGED"
"2014-06","GO",61823,58301,"CAGED"
"2014-06","MA",17169,15990,"CAGED"
"2014-06","MG",196536,180819,"CAGED"
"2014-06","MS",22732,22662,"CAGED"
"2014-06","MT",40148,36736,"CAGED"
"2014-06","PA",34857,28832,"CAGED"
"2014-06","PB",12502,11229,"CAGED"
"2014-06","PE",43839,43373,"CAGED"
"2014-06","PI",9873,9497,"CAGED"
"2014-06","PR",118531,121483,"CAGED"
"2014-06","RJ",147219,141829,"CAGED"
"2014-06","RN",15670,16237,"CAGED"
"2014-06","RO",12100,11729,"CAGED"
"2014-06","RR",1908,1868,"CAGED"
"2014-06","RS",111040,115906,"CAGED"
"2014-06","SC",91100,91177,"CAGED"
"2014-06","SE",9344,9335,"CAGED"
"2014-06","SP",491649,488765,"CAGED"
"2014-06","TO",7140,6595,"CAGED"
"2014-07","AC",2943,2531,"CAGED"
"2014-07","AL",9749,9370,"CAGED"
"2014-07","AM",18164,18144,"CAGED"
"2014-07","AP",2915,2689,"CAGED"
"2014-07","BA",67626,67751,"CAGED"
"2014-07","CE",45749,43688,"CAGED"
"2014-07","DF",31017,31905,"CAGED"
"2014-07","ES",38772,39253,"CAGED"
"2014-07","GO",63270,60488,"CAGED"
"2014-07","MA",20180,16739,"CAGED"
"2014-07","MG",202976,208173,"CAGED"
"2014-07","MS",24824,24135,"CAGED"
"2014-07","MT",42011,38270,"CAGED"
"2014-07","PA",35081,28794,"CAGED"
"2014-07","PB",15511,13790,"CAGED"
"2014-07","PE",46579,49320,"CAGED"
"2014-07","PI",10237,9264,"CAGED"
"2014-07","PR",132921,130238,"CAGED"
"2014-07","RJ",150944,157993,"CAGED"
"2014-07","RN",17928,17420,"CAGED"
"2014-07","RO",14094,13301,"CAGED"
"2014-07","RR",2284,2346,"CAGED"
"2014-07","RS",118965,125355,"CAGED"
"2014-07","SC",99315,101168,"CAGED"
"2014-07","SE",10007,10211,"CAGED"
"2014-07","SP",514230,505922,"CAGED"
"2014-07","TO",8505,6743,"CAGED"
"2014-08","AC",2540,2273,"CAGED"
"2014-08","AL",12661,8412,"CAGED"
"2014-08","AM",16878,16686,"CAGED"
"2014-08","AP",2677,2376,"CAGED"
"2014-08","BA",66900,62810,"CAGED"
"2014-08","CE",49329,39812,"CAGED"
"2014-08","DF",31706,29043,"CAGED"
"2014-08","ES",38990,37411,"CAGED"
"2014-08","GO",60768,57800,"CAGED"
"2014-08","MA",19593,15675,"CAGED"
"2014-08","MG",188611,198218,"CAGED"
"2014-08","MS",23853,22535,"CAGED"
"2014-08","MT",38592,37431,"CAGED"
"2014-08","PA",36418,31334,"CAGED"
"2014-08","PB",18767,13256,"CAGED"
"2014-08","PE",51867,43363,"CAGED"
"2014-08","PI",11064,9580,"CAGED"
"2014-08","PR",128788,123436,"CAGED"
"2014-08","RJ",155348,144386,"CAGED"
"2014-08","RN",20216,16392,"CAGED"
"2014-08","RO",13217,12654,"CAGED"
"2014-08","RR",1950,1619,"CAGED"
"2014-08","RS",119353,120723,"CAGED"
"2014-08","SC",101151,94552,"CAGED"
"2014-08","SE",10441,9459,"CAGED"
"2014-08","SP",519175,489558,"CAGED"
"2014-08","TO",7965,6599,"CAGED"
"2014-09","AC",2264,2354,"CAGED (legacy file)"
"2014-09","AL",22670,8922,"CAGED (legacy file)"
"2014-09","AM",17261,16590,"CAGED (legacy file)"
"2014-09","AP",2742,2479,"CAGED (legacy file)"
"2014-09","BA",68762,65599,"CAGED (legacy file)"
"2014-09","CE",50623,40512,"CAGED (legacy file)"
"2014-09","DF",32070,29671,"CAGED (legacy file)"
"2014-09","ES",38440,34367,"CAGED (legacy file)"
"2014-09","GO",62519,60383,"CAGED (legacy file)"
"2014-09","MA",17757,14205,"CAGED (legacy file)"
"2014-09","MG",197500,198340,"CAGED (legacy file)"
"2014-09","MS",24404,23062,"CAGED (legacy file)"
"2014-09","MT",38557,38483,"CAGED (legacy file)"
"2014-09","PA",33963,29173,"CAGED (legacy file)"
"2014-09","PB",14696,12090,"CAGED (legacy file)"
"2014-09","PE",65086,43115,"CAGED (legacy file)"
"2014-09","PI",10142,10543,"CAGED (legacy file)"
"2014-09","PR",132769,121222,"CAGED (legacy file)"
"2014-09","RJ",155372,142686,"CAGED (legacy file)"
"2014-09","RN",17767,14121,"CAGED (legacy file)"
"2014-09","RO",12055,12972,"CAGED (legacy file)"
"2014-09","RR",2373,1656,"CAGED (legacy file)"
"2014-09","RS",121048,118093,"CAGED (legacy file)"
"2014-09","SC",102628,95595,"CAGED (legacy file)"
"2014-09","SE",13974,9341,"CAGED (legacy file)"
"2014-09","SP",505464,494121,"CAGED (legacy file)"
"2014-09","TO",7523,6949,"CAGED (legacy file)"
"2014-10","AC",2298,2683,"CAGED"
"2014-10","AL",16766,9031,"CAGED"
"2014-10","AM",17693,18555,"CAGED"
"2014-10","AP",2933,2708,"CAGED"
"2014-10","BA",64360,70567,"CAGED"
"2014-10","CE",51397,44034,"CAGED"
"2014-10","DF",28945,31440,"CAGED"
"2014-10","ES",36108,35784,"CAGED"
"2014-10","GO",60521,64201,"CAGED"
"2014-10","MA",16244,19036,"CAGED"
"2014-10","MG",186721,195052,"CAGED"
"2014-10","MS",24604,25937,"CAGED"
"2014-10","MT",39074,41037,"CAGED"
"2014-10","PA",31330,33667,"CAGED"
"2014-10","PB",14724,12907,"CAGED"
"2014-10","PE",50480,52213,"CAGED"
"2014-10","PI",9959,8911,"CAGED"
"2014-10","PR",129047,129422,"CAGED"
"2014-10","RJ",151041,151002,"CAGED"
"2014-10","RN",16944,16212,"CAGED"
"2014-10","RO",12428,13714,"CAGED"
"2014-10","RR",1922,2254,"CAGED"
"2014-10","RS",122429,121096,"CAGED"
"2014-10","SC",106467,101494,"CAGED"
"2014-10","SE",10883,10303,"CAGED"
"2014-10","SP",506441,528327,"CAGED"
"2014-10","TO",6614,7069,"CAGED"
"2014-11","AC",2112,2637,"CAGED"
"2014-11","AL",13000,8723,"CAGED"
"2014-11","AM",14999,14553,"CAGED"
"2014-11","AP",2804,2365,"CAGED"
"2014-11","BA",60583,57679,"CAGED"
"2014-11","CE",49781,41749,"CAGED"
"2014-11","DF",27946,28521,"CAGED"
"2014-11","ES",36201,34931,"CAGED"
"2014-11","GO",55020,61548,"CAGED"
"2014-11","MA",15331,19299,"CAGED"
"2014-11","MG",172796,178356,"CAGED"
"2014-11","MS",21746,22948,"CAGED"
"2014-11","MT",32879,39080,"CAGED"
"2014-11","PA",30134,32414,"CAGED"
"2014-11","PB",13922,11474,"CAGED"
"2014-11","PE",46756,52910,"CAGED"
"2014-11","PI",10165,9700,"CAGED"
"2014-11","PR",119271,114411,"CAGED"
"2014-11","RJ",151111,137060,"CAGED"
"2014-11","RN",16597,15473,"CAGED"
"2014-11","RO",12103,13324,"CAGED"
"2014-11","RR",2120,2276,"CAGED"
"2014-11","RS",121216,110304,"CAGED"
"2014-11","SC",99071,90611,"CAGED"
"2014-11","SE",10830,8727,"CAGED"
"2014-11","SP",468102,486421,"CAGED"
"2014-11","TO",6410,7131,"CAGED"
"2014-12","AC",1866,2551,"CAGED (legacy file)"
"2014-12","AL",8773,9045,"CAGED (legacy file)"
"2014-12","AM",11369,16491,"CAGED (legacy file)"
"2014-12","AP",1824,3371,"CAGED (legacy file)"
"2014-12","BA",47060,67809,"CAGED (legacy file)"
"2014-12","CE",33560,37761,"CAGED (legacy file)"
"2014-12","DF",20729,30646,"CAGED (legacy file)"
"2014-12","ES",28746,37549,"CAGED (legacy file)"
"2014-12","GO",38605,69143,"CAGED (legacy file)"
"2014-12","MA",11416,17225,"CAGED (legacy file)"
"2014-12","MG",130055,195437,"CAGED (legacy file)"
"2014-12","MS",14561,25033,"CAGED (legacy file)"
"2014-12","MT",22569,41408,"CAGED (legacy file)"
"2014-12","PA",20295,37269,"CAGED (legacy file)"
"2014-12","PB",11146,12666,"CAGED (legacy file)"
"2014-12","PE",35389,46988,"CAGED (legacy file)"
"2014-12","PI",7618,9774,"CAGED (legacy file)"
"2014-12","PR",79879,129047,"CAGED (legacy file)"
"2014-12","RJ",120772,141910,"CAGED (legacy file)"
"2014-12","RN",12968,15952,"CAGED (legacy file)"
"2014-12","RO",8198,11701,"CAGED (legacy file)"
"2014-12","RR",1699,1999,"CAGED (legacy file)"
"2014-12","RS",85298,121882,"CAGED (legacy file)"
"2014-12","SC",65585,102276,"CAGED (legacy file)"
"2014-12","SE",7570,9307,"CAGED (legacy file)"
"2014-12","SP",345300,530781,"CAGED (legacy file)"
"2014-12","TO",4046,7383,"CAGED (legacy file)"
"2015-01","AC",2154,2620,"CAGED"
"2015-01","AL",9978,11223,"CAGED"
"2015-01","AM",14430,16558,"CAGED"
"2015-01","AP",1984,3124,"CAGED"
"2015-01","BA",62536,65408,"CAGED"
"2015-01","CE",40880,47460,"CAGED"
"2015-01","DF",25619,29220,"CAGED"
"2015-01","ES",34732,35853,"CAGED"
"2015-01","GO",57731,57968,"CAGED"
"2015-01","MA",14210,18300,"CAGED"
"2015-01","MG",166905,181438,"CAGED"
"2015-01","MS",23794,25064,"CAGED"
"2015-01","MT",41574,35258,"CAGED"
"2015-01","PA",27651,32286,"CAGED"
"2015-01","PB",13572,14523,"CAGED"
"2015-01","PE",39077,52092,"CAGED"
"2015-01","PI",9150,10819,"CAGED"
"2015-01","PR",125799,119086,"CAGED"
"2015-01","RJ",125151,165809,"CAGED"
"2015-01","RN",15159,16369,"CAGED"
"2015-01","RO",10665,12352,"CAGED"
"2015-01","RR",2153,2304,"CAGED"
"2015-01","RS",122155,113817,"CAGED"
"2015-01","SC",112607,97970,"CAGED"
"2015-01","SE",8899,9278,"CAGED"
"2015-01","SP",485211,498810,"CAGED"
"2015-01","TO",6318,6859,"CAGED"
"2015-02","AC",2016,2593,"CAGED"
"2015-02","AL",8848,9355,"CAGED"
"2015-02","AM",14130,16147,"CAGED"
"2015-02","AP",1819,2374,"CAGED"
"2015-02","BA",56123,62923,"CAGED"
"2015-02","CE",40053,42080,"CAGED"
"2015-02","DF",26922,27333,"CAGED"
"2015-02","ES",32590,35651,"CAGED"
"2015-02","GO",57551,53092,"CAGED"
"2015-02","MA",13938,16198,"CAGED"
"2015-02","MG",181971,178804,"CAGED"
"2015-02","MS",24249,22675,"CAGED"
"2015-02","MT",39714,34555,"CAGED"
"2015-02","PA",29409,30260,"CAGED"
"2015-02","PB",13347,14557,"CAGED"
"2015-02","PE",37382,48042,"CAGED"
"2015-02","PI",9786,9680,"CAGED"
"2015-02","PR",132532,123958,"CAGED"
"2015-02","RJ",133504,144605,"CAGED"
"2015-02","RN",13635,17648,"CAGED"
"2015-02","RO",11494,13286,"CAGED"
"2015-02","RR",2109,2139,"CAGED"
"2015-02","RS",122804,119584,"CAGED"
"2015-02","SC",119862,107754,"CAGED"
"2015-02","SE",8909,9066,"CAGED"
"2015-02","SP",504269,498120,"CAGED"
"2015-02","TO",7737,6639,"CAGED"
"2015-03","AC",1968,2468,"CAGED"
"2015-03","AL",10421,10917,"CAGED"
"2015-03","AM",15131,16763,"CAGED"
"2015-03","AP",1755,2424,"CAGED"
"2015-03","BA",62480,63647,"CAGED"
"2015-03","CE",41701,42058,"CAGED"
"2015-03","DF",28763,26577,"CAGED"
"2015-03","ES",36008,37492,"CAGED"
"2015-03","GO",60223,54047,"CAGED"
"2015-03","MA",15758,16417,"CAGED"
"2015-03","MG",181169,184638,"CAGED"
"2015-03","MS",25406,25358,"CAGED"
"2015-03","MT",37086,39300,"CAGED"
"2015-03","PA",27221,29883,"CAGED"
"2015-03","PB",12711,18402,"CAGED"
"2015-03","PE",40906,52768,"CAGED"
"2015-03","PI",10761,9745,"CAGED"
"2015-03","PR",135763,125589,"CAGED"
"2015-03","RJ",156934,152816,"CAGED"
"2015-03","RN",14897,15068,"CAGED"
"2015-03","RO",11190,11811,"CAGED"
"2015-03","RR",2053,2202,"CAGED"
"2015-03","RS",140628,128388,"CAGED"
"2015-03","SC",110794,106846,"CAGED"
"2015-03","SE",9556,9307,"CAGED"
"2015-03","SP",520924,508017,"CAGED"
"2015-03","TO",7012,6989,"CAGED"
"2015-04","AC",2334,2239,"CAGED"
"2015-04","AL",8504,21773,"CAGED"
"2015-04","AM",13720,17619,"CAGED"
"2015-04","AP",2238,2272,"CAGED"
"2015-04","BA",60933,61826,"CAGED"
"2015-04","CE",39391,42938,"CAGED"
"2015-04","DF",24610,23557,"CAGED"
"2015-04","ES",33477,34750,"CAGED"
"2015-04","GO",56915,54630,"CAGED"
"2015-04","MA",14745,15480,"CAGED"
"2015-04","MG",164195,171159,"CAGED"
"2015-04","MS",22763,22394,"CAGED"
"2015-04","MT",34788,38074,"CAGED"
"2015-04","PA",26868,29848,"CAGED"
"2015-04","PB",11805,14912,"CAGED"
"2015-04","PE",39198,59352,"CAGED"
"2015-04","PI",10183,9571,"CAGED"
"2015-04","PR",115320,117322,"CAGED"
"2015-04","RJ",127989,140588,"CAGED"
"2015-04","RN",13597,14942,"CAGED"
"2015-04","RO",10677,11749,"CAGED"
"2015-04","RR",1849,2058,"CAGED"
"2015-04","RS",109190,116468,"CAGED"
"2015-04","SC",90823,95032,"CAGED"
"2015-04","SE",8965,11004,"CAGED"
"2015-04","SP",476032,487108,"CAGED"
"2015-04","TO",6572,6844,"CAGED"
"2015-05","AC",2297,2104,"CAGED"
"2015-05","AL",8739,18366,"CAGED"
"2015-05","AM",11552,16310,"CAGED"
"2015-05","AP",1684,2723,"CAGED"
"2015-05","BA",55795,63214,"CAGED"
"2015-05","CE",41058,42737,"CAGED"
"2015-05","DF",25070,26701,"CAGED"
"2015-05","ES",34925,37026,"CAGED"
"2015-05","GO",55086,54753,"CAGED"
"2015-05","MA",17569,18831,"CAGED"
"2015-05","MG",161103,171127,"CAGED"
"2015-05","MS",21255,20721,"CAGED"
"2015-05","MT",34315,36239,"CAGED"
"2015-05","PA",26539,27712,"CAGED"
"2015-05","PB",11299,13424,"CAGED"
"2015-05","PE",37497,44800,"CAGED"
"2015-05","PI",9587,9524,"CAGED"
"2015-05","PR",108892,110253,"CAGED"
"2015-05","RJ",128294,139399,"CAGED"
"2015-05","RN",13672,15077,"CAGED"
"2015-05","RO",10850,11544,"CAGED"
"2015-05","RR",1787,2004,"CAGED"
"2015-05","RS",97574,113389,"CAGED"
"2015-05","SC",82849,89566,"CAGED"
"2015-05","SE",8366,12412,"CAGED"
"2015-05","SP",450590,473627,"CAGED"
"2015-05","TO",6401,6661,"CAGED"
"2015-06","AC",2318,2223,"CAGED"
"2015-06","AL",7861,9507,"CAGED"
"2015-06","AM",12317,16176,"CAGED"
"2015-06","AP",1899,2326,"CAGED"
"2015-06","BA",51867,60991,"CAGED"
"2015-06","CE",42536,41314,"CAGED"
"2015-06","DF",25740,27461,"CAGED"
"2015-06","ES",29053,36188,"CAGED"
"2015-06","GO",56764,54901,"CAGED"
"2015-06","MA",17143,15142,"CAGED"
"2015-06","MG",177892,168146,"CAGED"
"2015-06","MS",21137,21373,"CAGED"
"2015-06","MT",38177,34575,"CAGED"
"2015-06","PA",29247,30957,"CAGED"
"2015-06","PB",10236,11723,"CAGED"
"2015-06","PE",35614,41953,"CAGED"
"2015-06","PI",9770,10649,"CAGED"
"2015-06","PR",104739,113632,"CAGED"
"2015-06","RJ",129821,137440,"CAGED"
"2015-06","RN",13941,16129,"CAGED"
"2015-06","RO",10476,12241,"CAGED"
"2015-06","RR",2022,2128,"CAGED"
"2015-06","RS",93873,107886,"CAGED"
"2015-06","SC",79794,87716,"CAGED"
"2015-06","SE",8477,8626,"CAGED"
"2015-06","SP",433967,486253,"CAGED"
"2015-06","TO",6654,6878,"CAGED"
"2015-07","AC",2236,2319,"CAGED"
"2015-07","AL",8324,9113,"CAGED"
"2015-07","AM",12940,15662,"CAGED"
"2015-07","AP",2071,2295,"CAGED"
"2015-07","BA",54281,62488,"CAGED"
"2015-07","CE",39884,43295,"CAGED"
"2015-07","DF",26489,28113,"CAGED"
"2015-07","ES",29727,35393,"CAGED"
"2015-07","GO",51745,54653,"CAGED"
"2015-07","MA",17343,15222,"CAGED"
"2015-07","MG",163856,180568,"CAGED"
"2015-07","MS",20633,22701,"CAGED"
"2015-07","MT",36974,36204,"CAGED"
"2015-07","PA",28891,26257,"CAGED"
"2015-07","PB",10926,13546,"CAGED"
"2015-07","PE",35269,44752,"CAGED"
"2015-07","PI",9357,9804,"CAGED"
"2015-07","PR",103841,116196,"CAGED"
"2015-07","RJ",122352,141809,"CAGED"
"2015-07","RN",13727,14973,"CAGED"
"2015-07","RO",11221,11934,"CAGED"
"2015-07","RR",2048,2201,"CAGED"
"2015-07","RS",88561,106379,"CAGED"
"2015-07","SC",75791,90561,"CAGED"
"2015-07","SE",7910,8992,"CAGED"
"2015-07","SP",414833,452942,"CAGED"
"2015-07","TO",6163,6926,"CAGED"
"2015-08","AC",3469,2290,"CAGED"
"2015-08","AL",11215,8710,"CAGED"
"2015-08","AM",13420,15053,"CAGED"
"2015-08","AP",1985,2192,"CAGED"
"2015-08","BA",51731,58584,"CAGED"
"2015-08","CE",42611,41740,"CAGED"
"2015-08","DF",26945,26989,"CAGED"
"2015-08","ES",27769,32272,"CAGED"
"2015-08","GO",51633,52492,"CAGED"
"2015-08","MA",16683,15736,"CAGED"
"2015-08","MG",146679,170528,"CAGED"
"2015-08","MS",20287,21774,"CAGED"
"2015-08","MT",33481,34114,"CAGED"
"2015-08","PA",29182,30494,"CAGED"
"2015-08","PB",16324,12031,"CAGED"
"2015-08","PE",38999,40919,"CAGED"
"2015-08","PI",10979,10366,"CAGED"
"2015-08","PR",97746,105940,"CAGED"
"2015-08","RJ",124244,133090,"CAGED"
"2015-08","RN",14483,14768,"CAGED"
"2015-08","RO",11257,11922,"CAGED"
"2015-08","RR",2052,1935,"CAGED"
"2015-08","RS",90666,103403,"CAGED"
"2015-08","SC",77631,84556,"CAGED"
"2015-08","SE",9309,8587,"CAGED"
"2015-08","SP",414800,431792,"CAGED"
"2015-08","TO",6763,6609,"CAGED"
"2015-09","AC",2636,2758,"CAGED"
"2015-09","AL",19658,8451,"CAGED"
"2015-09","AM",12959,14569,"CAGED"
"2015-09","AP",1765,1932,"CAGED"
"2015-09","BA",50830,55190,"CAGED"
"2015-09","CE",38587,40095,"CAGED"
"2015-09","DF",23865,24387,"CAGED"
"2015-09","ES",25668,28070,"CAGED"
"2015-09","GO",47919,52327,"CAGED"
"2015-09","MA",14153,13932,"CAGED"
"2015-09","MG",136902,169325,"CAGED"
"2015-09","MS",19770,22585,"CAGED"
"2015-09","MT",32506,33719,"CAGED"
"2015-09","PA",27011,27752,"CAGED"
"2015-09","PB",12581,11382,"CAGED"
"2015-09","PE",52583,37335,"CAGED"
"2015-09","PI",10352,10088,"CAGED"
"2015-09","PR",92963,101435,"CAGED"
"2015-09","RJ",120150,127660,"CAGED"
"2015-09","RN",14493,12321,"CAGED"
"2015-09","RO",10393,11119,"CAGED"
"2015-09","RR",1830,1480,"CAGED"
"2015-09","RS",85651,93842,"CAGED"
"2015-09","SC",74839,79264,"CAGED"
"2015-09","SE",10296,8621,"CAGED"
"2015-09","SP",380601,426470,"CAGED"
"2015-09","TO",5774,6228,"CAGED"
"2015-10","AC",1763,2496,"CAGED"
"2015-10","AL",15282,8826,"CAGED"
"2015-10","AM",10463,14232,"CAGED"
"2015-10","AP",1869,1873,"CAGED"
"2015-10","BA",47888,58297,"CAGED"
"2015-10","CE",35203,39990,"CAGED"
"2015-10","DF",20480,22820,"CAGED"
"2015-10","ES",24656,28027,"CAGED"
"2015-10","GO",42714,52580,"CAGED"
"2015-10","MA",13155,15466,"CAGED"
"2015-10","MG",134423,158925,"CAGED"
"2015-10","MS",18754,18713,"CAGED"
"2015-10","MT",29662,33932,"CAGED"
"2015-10","PA",23888,33024,"CAGED"
"2015-10","PB",10394,11154,"CAGED"
"2015-10","PE",35293,41114,"CAGED"
"2015-10","PI",7881,8472,"CAGED"
"2015-10","PR",90163,98858,"CAGED"
"2015-10","RJ",109497,128585,"CAGED"
"2015-10","RN",12173,12643,"CAGED"
"2015-10","RO",8808,11278,"CAGED"
"2015-10","RR",1791,1986,"CAGED"
"2015-10","RS",82687,90939,"CAGED"
"2015-10","SC",74446,78921,"CAGED"
"2015-10","SE",9672,8609,"CAGED"
"2015-10","SP",368854,419277,"CAGED"
"2015-10","TO",5595,5548,"CAGED"
"2015-11","AC",1825,2579,"CAGED"
"2015-11","AL",10692,7552,"CAGED"
"2015-11","AM",9792,13041,"CAGED"
"2015-11","AP",1970,1807,"CAGED"
"2015-11","BA",45798,51802,"CAGED"
"2015-11","CE",34917,38836,"CAGED"
"2015-11","DF",19864,21532,"CAGED"
"2015-11","ES",23440,26866,"CAGED"
"2015-11","GO",41645,53550,"CAGED"
"2015-11","MA",11457,14692,"CAGED"
"2015-11","MG",126537,145271,"CAGED"
"2015-11","MS",17385,19334,"CAGED"
"2015-11","MT",25475,33062,"CAGED"
"2015-11","PA",22514,30454,"CAGED"
"2015-11","PB",10166,10259,"CAGED"
"2015-11","PE",32078,36838,"CAGED"
"2015-11","PI",8957,9637,"CAGED"
"2015-11","PR",84227,91744,"CAGED"
"2015-11","RJ",110902,115788,"CAGED"
"2015-11","RN",12087,12522,"CAGED"
"2015-11","RO",8561,11498,"CAGED"
"2015-11","RR",1827,1740,"CAGED"
"2015-11","RS",85688,88155,"CAGED"
"2015-11","SC",67105,73523,"CAGED"
"2015-11","SE",7690,7653,"CAGED"
"2015-11","SP",351328,383619,"CAGED"
"2015-11","TO",5152,6354,"CAGED"
"2015-12","AC",1322,2295,"CAGED"
"2015-12","AL",7679,8895,"CAGED"
"2015-12","AM",7610,16246,"CAGED"
"2015-12","AP",1471,2109,"CAGED"
"2015-12","BA",39424,58392,"CAGED"
"2015-12","CE",24823,34943,"CAGED"
"2015-12","DF",15801,25432,"CAGED"
"2015-12","ES",20323,31171,"CAGED"
"2015-12","GO",31880,55459,"CAGED"
"2015-12","MA",8778,16102,"CAGED"
"2015-12","MG",98419,163668,"CAGED"
"2015-12","MS",13005,20357,"CAGED"
"2015-12","MT",19502,33532,"CAGED"
"2015-12","PA",16861,30931,"CAGED"
"2015-12","PB",7180,11667,"CAGED"
"2015-12","PE",24046,40077,"CAGED"
"2015-12","PI",6294,9546,"CAGED"
"2015-12","PR",62389,107504,"CAGED"
"2015-12","RJ",95729,135800,"CAGED"
"2015-12","RN",9017,13376,"CAGED"
"2015-12","RO",6622,9475,"CAGED"
"2015-12","RR",1553,1959,"CAGED"
"2015-12","RS",66488,100860,"CAGED"
"2015-12","SC",53059,88030,"CAGED"
"2015-12","SE",6223,8473,"CAGED"
"2015-12","SP",267794,481124,"CAGED"
"2015-12","TO",3739,5816,"CAGED"
"2016-01","AC",1889,2175,"CAGED"
"2016-01","AL",8285,10227,"CAGED"
"2016-01","AM",9358,14015,"CAGED"
"2016-01","AP",1475,1845,"CAGED"
"2016-01","BA",46099,47286,"CAGED"
"2016-01","CE",32624,40770,"CAGED"
"2016-01","DF",19202,22700,"CAGED"
"2016-01","ES",23608,26541,"CAGED"
"2016-01","GO",43512,45130,"CAGED"
"2016-01","MA",10918,14159,"CAGED"
"2016-01","MG",122643,139061,"CAGED"
"2016-01","MS",18685,18848,"CAGED"
"2016-01","MT",34558,27658,"CAGED"
"2016-01","PA",21276,25746,"CAGED"
"2016-01","PB",11540,11351,"CAGED"
"2016-01","PE",28648,42058,"CAGED"
"2016-01","PI",7476,9785,"CAGED"
"2016-01","PR",92121,91047,"CAGED"
"2016-01","RJ",97678,123227,"CAGED"
"2016-01","RN",11097,14041,"CAGED"
"2016-01","RO",8487,9988,"CAGED"
"2016-01","RR",1657,1741,"CAGED"
"2016-01","RS",92552,85289,"CAGED"
"2016-01","SC",82083,74872,"CAGED"
"2016-01","SE",6849,7270,"CAGED"
"2016-01","SP",365616,392672,"CAGED"
"2016-01","TO",5104,5232,"CAGED"
"2016-02","AC",1674,2205,"CAGED"
"2016-02","AL",6387,16472,"CAGED"
"2016-02","AM",9354,12044,"CAGED"
"2016-02","AP",1390,2392,"CAGED"
"2016-02","BA",43537,49349,"CAGED"
"2016-02","CE",32277,36448,"CAGED"
"2016-02","DF",20111,22586,"CAGED"
"2016-02","ES",24821,28986,"CAGED"
"2016-02","GO",46946,44619,"CAGED"
"2016-02","MA",9543,15376,"CAGED"
"2016-02","MG",137197,140506,"CAGED"
"2016-02","MS",20384,19260,"CAGED"
"2016-02","MT",33106,29423,"CAGED"
"2016-02","PA",21693,24057,"CAGED"
"2016-02","PB",8712,15384,"CAGED"
"2016-02","PE",26584,42458,"CAGED"
"2016-02","PI",7059,10534,"CAGED"
"2016-02","PR",102227,104277,"CAGED"
"2016-02","RJ",99528,121815,"CAGED"
"2016-02","RN",10290,14728,"CAGED"
"2016-02","RO",9116,10368,"CAGED"
"2016-02","RR",1477,1560,"CAGED"
"2016-02","RS",102751,96681,"CAGED"
"2016-02","SC",94209,89416,"CAGED"
"2016-02","SE",6377,8366,"CAGED"
"2016-02","SP",394638,416748,"CAGED"
"2016-02","TO",5232,5144,"CAGED"
"2016-03","AC",1825,2463,"CAGED"
"2016-03","AL",6734,16606,"CAGED"
"2016-03","AM",10006,13597,"CAGED"
"2016-03","AP",1410,1931,"CAGED"
"2016-03","BA",50588,55391,"CAGED"
"2016-03","CE",36240,40941,"CAGED"
"2016-03","DF",23514,24022,"CAGED"
"2016-03","ES",27460,31128,"CAGED"
"2016-03","GO",51329,47998,"CAGED"
"2016-03","MA",12186,14493,"CAGED"
"2016-03","MG",148008,155987,"CAGED"
"2016-03","MS",21070,20883,"CAGED"
"2016-03","MT",31654,35606,"CAGED"
"2016-03","PA",21744,27040,"CAGED"
"2016-03","PB",10449,14305,"CAGED"
"2016-03","PE",30361,41744,"CAGED"
"2016-03","PI",7581,8718,"CAGED"
"2016-03","PR",105163,109018,"CAGED"
"2016-03","RJ",119498,133239,"CAGED"
"2016-03","RN",11947,14330,"CAGED"
"2016-03","RO",9415,9961,"CAGED"
"2016-03","RR",2069,1849,"CAGED"
"2016-03","RS",110781,105978,"CAGED"
"2016-03","SC",85830,89633,"CAGED"
"2016-03","SE",7263,13090,"CAGED"
"2016-03","SP",424747,457363,"CAGED"
"2016-03","TO",5613,5947,"CAGED"
"2016-04","AC",1643,2106,"CAGED"
"2016-04","AL",7220,14322,"CAGED"
"2016-04","AM",9603,11648,"CAGED"
"2016-04","AP",1248,1198,"CAGED"
"2016-04","BA",48136,51158,"CAGED"
"2016-04","CE",33873,36139,"CAGED"
"2016-04","DF",20448,19246,"CAGED"
"2016-04","ES",25969,25503,"CAGED"
"2016-04","GO",52720,47550,"CAGED"
"2016-04","MA",9835,12866,"CAGED"
"2016-04","MG",144432,140546,"CAGED"
"2016-04","MS",20498,19579,"CAGED"
"2016-04","MT",28896,32001,"CAGED"
"2016-04","PA",20437,22565,"CAGED"
"2016-04","PB",9260,10314,"CAGED"
"2016-04","PE",31775,37030,"CAGED"
"2016-04","PI",7802,8150,"CAGED"
"2016-04","PR",93109,94272,"CAGED"
"2016-04","RJ",110532,122286,"CAGED"
"2016-04","RN",10770,13422,"CAGED"
"2016-04","RO",8661,9419,"CAGED"
"2016-04","RR",1619,1683,"CAGED"
"2016-04","RS",88505,95888,"CAGED"
"2016-04","SC",74376,77148,"CAGED"
"2016-04","SE",6624,7886,"CAGED"
"2016-04","SP",385653,402236,"CAGED"
"2016-04","TO",5326,5653,"CAGED"
"2016-05","AC",2201,2054,"CAGED"
"2016-05","AL",7416,8229,"CAGED"
"2016-05","AM",9897,10821,"CAGED"
"2016-05","AP",1388,2306,"CAGED"
"2016-05","BA",44702,50754,"CAGED"
"2016-05","CE",34649,37555,"CAGED"
"2016-05","DF",20295,24618,"CAGED"
"2016-05","ES",30822,29596,"CAGED"
"2016-05","GO",44360,44207,"CAGED"
"2016-05","MA",12324,12520,"CAGED"
"2016-05","MG",150392,141088,"CAGED"
"2016-05","MS",18577,18015,"CAGED"
"2016-05","MT",27881,29593,"CAGED"
"2016-05","PA",21588,24501,"CAGED"
"2016-05","PB",8773,10804,"CAGED"
"2016-05","PE",28769,32212,"CAGED"
"2016-05","PI",7079,8122,"CAGED"
"2016-05","PR",88167,91555,"CAGED"
"2016-05","RJ",102302,117990,"CAGED"
"2016-05","RN",10748,12848,"CAGED"
"2016-05","RO",8327,9150,"CAGED"
"2016-05","RR",1646,1689,"CAGED"
"2016-05","RS",77240,93069,"CAGED"
"2016-05","SC",69051,73866,"CAGED"
"2016-05","SE",6506,8069,"CAGED"
"2016-05","SP",369755,381932,"CAGED"
"2016-05","TO",5136,5443,"CAGED"
"2016-06","AC",2016,1825,"CAGED"
"2016-06","AL",6672,7576,"CAGED"
"2016-06","AM",9785,11016,"CAGED"
"2016-06","AP",1873,1819,"CAGED"
"2016-06","BA",43332,51308,"CAGED"
"2016-06","CE",33915,35841,"CAGED"
"2016-06","DF",21500,24383,"CAGED"
"2016-06","ES",23614,30042,"CAGED"
"2016-06","GO",50046,46677,"CAGED"
"2016-06","MA",12556,12539,"CAGED"
"2016-06","MG",146758,142191,"CAGED"
"2016-06","MS",18303,18268,"CAGED"
"2016-06","MT",30349,27760,"CAGED"
"2016-06","PA",22317,24417,"CAGED"
"2016-06","PB",9124,9971,"CAGED"
"2016-06","PE",28933,31810,"CAGED"
"2016-06","PI",9024,8923,"CAGED"
"2016-06","PR",87374,94504,"CAGED"
"2016-06","RJ",105526,121274,"CAGED"
"2016-06","RN",11297,12460,"CAGED"
"2016-06","RO",8701,9781,"CAGED"
"2016-06","RR",1640,1872,"CAGED"
"2016-06","RS",77060,87400,"CAGED"
"2016-06","SC",64735,73025,"CAGED"
"2016-06","SE",7000,7647,"CAGED"
"2016-06","SP",365766,395680,"CAGED"
"2016-06","TO",5547,5786,"CAGED"
"2016-07","AC",2878,2113,"CAGED"
"2016-07","AL",6298,7846,"CAGED"
"2016-07","AM",10007,10679,"CAGED"
"2016-07","AP",1253,1658,"CAGED"
"2016-07","BA",45979,53264,"CAGED"
"2016-07","CE",31483,36160,"CAGED"
"2016-07","DF",20857,24212,"CAGED"
"2016-07","ES",23088,27461,"CAGED"
"2016-07","GO",44392,45924,"CAGED"
"2016-07","MA",12597,12383,"CAGED"
"2016-07","MG",134892,150237,"CAGED"
"2016-07","MS",18632,17980,"CAGED"
"2016-07","MT",29968,27952,"CAGED"
"2016-07","PA",21219,22750,"CAGED"
"2016-07","PB",10027,10124,"CAGED"
"2016-07","PE",30876,34919,"CAGED"
"2016-07","PI",7417,8046,"CAGED"
"2016-07","PR",85457,91075,"CAGED"
"2016-07","RJ",110559,122684,"CAGED"
"2016-07","RN",11725,11723,"CAGED"
"2016-07","RO",8302,9421,"CAGED"
"2016-07","RR",1654,1744,"CAGED"
"2016-07","RS",75082,87248,"CAGED"
"2016-07","SC",64727,70546,"CAGED"
"2016-07","SE",5874,7369,"CAGED"
"2016-07","SP",347580,361375,"CAGED"
"2016-07","TO",5188,5842,"CAGED"
"2016-08","AC",1927,1956,"CAGED"
"2016-08","AL",11858,7759,"CAGED"
"2016-08","AM",11873,10890,"CAGED"
"2016-08","AP",1583,1643,"CAGED"
"2016-08","BA",49733,53249,"CAGED"
"2016-08","CE",35490,35084,"CAGED"
"2016-08","DF",20796,22525,"CAGED"
"2016-08","ES",22312,27174,"CAGED"
"2016-08","GO",45847,44891,"CAGED"
"2016-08","MA",15097,12851,"CAGED"
"2016-08","MG",139894,153015,"CAGED"
"2016-08","MS",19623,18546,"CAGED"
"2016-08","MT",28052,30942,"CAGED"
"2016-08","PA",22260,25179,"CAGED"
"2016-08","PB",15792,9887,"CAGED"
"2016-08","PE",41281,32246,"CAGED"
"2016-08","PI",8167,8175,"CAGED"
"2016-08","PR",91873,91340,"CAGED"
"2016-08","RJ",101910,130231,"CAGED"
"2016-08","RN",14356,12119,"CAGED"
"2016-08","RO",9042,9262,"CAGED"
"2016-08","RR",1674,1611,"CAGED"
"2016-08","RS",84790,86480,"CAGED"
"2016-08","SC",73122,70108,"CAGED"
"2016-08","SE",7803,8804,"CAGED"
"2016-08","SP",371565,376063,"CAGED"
"2016-08","TO",6008,5651,"CAGED"
"2016-09","AC",1837,1902,"CAGED"
"2016-09","AL",19978,6583,"CAGED"
"2016-09","AM",10389,9894,"CAGED"
"2016-09","AP",1247,1541,"CAGED"
"2016-09","BA",43850,44181,"CAGED"
"2016-09","CE",31634,30641,"CAGED"
"2016-09","DF",19599,21323,"CAGED"
"2016-09","ES",21215,23124,"CAGED"
"2016-09","GO",41809,46301,"CAGED"
"2016-09","MA",10684,12282,"CAGED"
"2016-09","MG",126179,142417,"CAGED"
"2016-09","MS",18507,17139,"CAGED"
"2016-09","MT",27000,27526,"CAGED"
"2016-09","PA",20646,21653,"CAGED"
"2016-09","PB",9005,8439,"CAGED"
"2016-09","PE",44323,28602,"CAGED"
"2016-09","PI",6772,7634,"CAGED"
"2016-09","PR",82116,81703,"CAGED"
"2016-09","RJ",99398,122919,"CAGED"
"2016-09","RN",12316,10284,"CAGED"
"2016-09","RO",7732,8086,"CAGED"
"2016-09","RR",1667,1322,"CAGED"
"2016-09","RS",73474,76302,"CAGED"
"2016-09","SC",67884,64334,"CAGED"
"2016-09","SE",6192,6588,"CAGED"
"2016-09","SP",332747,354600,"CAGED"
"2016-09","TO",4597,4759,"CAGED"
"2016-10","AC",1700,2036,"CAGED"
"2016-10","AL",12479,6647,"CAGED"
"2016-10","AM",10899,10390,"CAGED"
"2016-10","AP",1500,1384,"CAGED"
"2016-10","BA",43240,48841,"CAGED"
"2016-10","CE",29964,32100,"CAGED"
"2016-10","DF",17874,20278,"CAGED"
"2016-10","ES",20077,21904,"CAGED"
"2016-10","GO",39846,50161,"CAGED"
"2016-10","MA",10888,11298,"CAGED"
"2016-10","MG",125129,131018,"CAGED"
"2016-10","MS",17653,16643,"CAGED"
"2016-10","MT",25655,28099,"CAGED"
"2016-10","PA",19111,23730,"CAGED"
"2016-10","PB",8832,9682,"CAGED"
"2016-10","PE",29202,32751,"CAGED"
"2016-10","PI",6994,8791,"CAGED"
"2016-10","PR",83039,83426,"CAGED"
"2016-10","RJ",88614,109177,"CAGED"
"2016-10","RN",10795,11531,"CAGED"
"2016-10","RO",6922,8755,"CAGED"
"2016-10","RR",1603,1810,"CAGED"
"2016-10","RS",79069,76683,"CAGED"
"2016-10","SC",69505,68238,"CAGED"
"2016-10","SE",9157,7225,"CAGED"
"2016-10","SP",329874,351869,"CAGED"
"2016-10","TO",4810,4712,"CAGED"
"2016-11","AC",1386,2393,"CAGED"
"2016-11","AL",8560,8276,"CAGED"
"2016-11","AM",10431,11510,"CAGED"
"2016-11","AP",1328,1480,"CAGED"
"2016-11","BA",44007,51554,"CAGED"
"2016-11","CE",30991,31656,"CAGED"
"2016-11","DF",18779,19455,"CAGED"
"2016-11","ES",22240,24452,"CAGED"
"2016-11","GO",39386,48509,"CAGED"
"2016-11","MA",11572,13320,"CAGED"
"2016-11","MG",121099,132501,"CAGED"
"2016-11","MS",17830,19226,"CAGED"
"2016-11","MT",22798,31835,"CAGED"
"2016-11","PA",19964,23469,"CAGED"
"2016-11","PB",9018,9365,"CAGED"
"2016-11","PE",29744,32976,"CAGED"
"2016-11","PI",7544,7585,"CAGED"
"2016-11","PR",81305,88772,"CAGED"
"2016-11","RJ",96150,108588,"CAGED"
"2016-11","RN",10617,11437,"CAGED"
"2016-11","RO",6913,9298,"CAGED"
"2016-11","RR",1670,1693,"CAGED"
"2016-11","RS",80447,79256,"CAGED"
"2016-11","SC",67811,68824,"CAGED"
"2016-11","SE",7233,7117,"CAGED"
"2016-11","SP",330127,369802,"CAGED"
"2016-11","TO",4817,6165,"CAGED"
"2016-12","AC",1320,1962,"CAGED"
"2016-12","AL",5441,7434,"CAGED"
"2016-12","AM",7606,12638,"CAGED"
"2016-12","AP",1317,1677,"CAGED"
"2016-12","BA",35530,51802,"CAGED"
"2016-12","CE",23354,30060,"CAGED"
"2016-12","DF",17941,24095,"CAGED"
"2016-12","ES",19320,26770,"CAGED"
"2016-12","GO",31022,46293,"CAGED"
"2016-12","MA",8366,13113,"CAGED"
"2016-12","MG",94476,146299,"CAGED"
"2016-12","MS",12382,20179,"CAGED"
"2016-12","MT",17745,29771,"CAGED"
"2016-12","PA",14579,25175,"CAGED"
"2016-12","PB",6826,10684,"CAGED"
"2016-12","PE",24228,38867,"CAGED"
"2016-12","PI",5204,7172,"CAGED"
"2016-12","PR",63065,93522,"CAGED"
"2016-12","RJ",83728,123574,"CAGED"
"2016-12","RN",8992,12313,"CAGED"
"2016-12","RO",5596,7592,"CAGED"
"2016-12","RR",1257,1747,"CAGED"
"2016-12","RS",62341,91084,"CAGED"
"2016-12","SC",52484,78813,"CAGED"
"2016-12","SE",4725,7622,"CAGED"
"2016-12","SP",257016,416296,"CAGED"
"2016-12","TO",3578,5251,"CAGED"
"2017-01","AC",2355,2330,"CAGED"
"2017-01","AL",7106,13812,"CAGED"
"2017-01","AM",10562,11988,"CAGED"
"2017-01","AP",1505,1836,"CAGED"
"2017-01","BA",47993,48138,"CAGED"
"2017-01","CE",31191,38627,"CAGED"
"2017-01","DF",20202,23079,"CAGED"
"2017-01","ES",25498,24772,"CAGED"
"2017-01","GO",49311,44544,"CAGED"
"2017-01","MA",11047,13196,"CAGED"
"2017-01","MG",136510,136695,"CAGED"
"2017-01","MS",20510,19639,"CAGED"
"2017-01","MT",35975,25965,"CAGED"
"2017-01","PA",21361,24170,"CAGED"
"2017-01","PB",10500,16938,"CAGED"
"2017-01","PE",29531,43441,"CAGED"
"2017-01","PI",7434,7885,"CAGED"
"2017-01","PR",92349,87376,"CAGED"
"2017-01","RJ",89180,115652,"CAGED"
"2017-01","RN",11737,14692,"CAGED"
"2017-01","RO",7685,9560,"CAGED"
"2017-01","RR",1827,1569,"CAGED"
"2017-01","RS",93054,84920,"CAGED"
"2017-01","SC",83437,72153,"CAGED"
"2017-01","SE",7224,7837,"CAGED"
"2017-01","SP",365054,369511,"CAGED"
"2017-01","TO",5124,5801,"CAGED"
"2017-02","AC",1996,2240,"CAGED"
"2017-02","AL",5619,17022,"CAGED"
"2017-02","AM",9285,11059,"CAGED"
"2017-02","AP",1423,1434,"CAGED"
"2017-02","BA",44017,45721,"CAGED"
"2017-02","CE",32422,32358,"CAGED"
"2017-02","DF",22877,20539,"CAGED"
"2017-02","ES",20632,22709,"CAGED"
"2017-02","GO",47773,40924,"CAGED"
"2017-02","MA",10434,12397,"CAGED"
"2017-02","MG",138738,129713,"CAGED"
"2017-02","MS",21379,18862,"CAGED"
"2017-02","MT",29494,25458,"CAGED"
"2017-02","PA",20263,22301,"CAGED"
"2017-02","PB",9499,10643,"CAGED"
"2017-02","PE",27739,44081,"CAGED"
"2017-02","PI",8369,8191,"CAGED"
"2017-02","PR",100961,90999,"CAGED"
"2017-02","RJ",92896,101068,"CAGED"
"2017-02","RN",10872,12154,"CAGED"
"2017-02","RO",8479,7941,"CAGED"
"2017-02","RR",1815,1651,"CAGED"
"2017-02","RS",98216,87614,"CAGED"
"2017-02","SC",92765,77907,"CAGED"
"2017-02","SE",6455,9867,"CAGED"
"2017-02","SP",380776,355364,"CAGED"
"2017-02","TO",5637,5002,"CAGED"
"2017-03","AC",1889,2434,"CAGED"
"2017-03","AL",5955,15290,"CAGED"
"2017-03","AM",9320,11020,"CAGED"
"2017-03","AP",1458,1508,"CAGED"
"2017-03","BA",45596,48516,"CAGED"
"2017-03","CE",30701,35376,"CAGED"
"2017-03","DF",20484,21160,"CAGED"
"2017-03","ES",26877,27671,"CAGED"
"2017-03","GO",48964,44660,"CAGED"
"2017-03","MA",10365,13166,"CAGED"
"2017-03","MG",144109,144115,"CAGED"
"2017-03","MS",21556,20311,"CAGED"
"2017-03","MT",27442,33169,"CAGED"
"2017-03","PA",19204,22520,"CAGED"
"2017-03","PB",8615,10554,"CAGED"
"2017-03","PE",29119,32951,"CAGED"
"2017-03","PI",7262,8209,"CAGED"
"2017-03","PR",101659,100533,"CAGED"
"2017-03","RJ",89419,107313,"CAGED"
"2017-03","RN",11662,12231,"CAGED"
"2017-03","RO",8008,9094,"CAGED"
"2017-03","RR",1690,1776,"CAGED"
"2017-03","RS",107379,102143,"CAGED"
"2017-03","SC",83737,88375,"CAGED"
"2017-03","SE",6087,8564,"CAGED"
"2017-03","SP",387404,397050,"CAGED"
"2017-03","TO",5371,5247,"CAGED"
"2017-04","AC",1442,1771,"CAGED"
"2017-04","AL",5885,9893,"CAGED"
"2017-04","AM",9106,9366,"CAGED"
"2017-04","AP",1101,885,"CAGED"
"2017-04","BA",47143,39951,"CAGED"
"2017-04","CE",27660,28335,"CAGED"
"2017-04","DF",17265,15220,"CAGED"
"2017-04","ES",24112,20564,"CAGED"
"2017-04","GO",47210,40040,"CAGED"
"2017-04","MA",8909,10068,"CAGED"
"2017-04","MG",135599,120781,"CAGED"
"2017-04","MS",18611,17887,"CAGED"
"2017-04","MT",26859,26260,"CAGED"
"2017-04","PA",17647,18944,"CAGED"
"2017-04","PB",7852,8384,"CAGED"
"2017-04","PE",25750,26919,"CAGED"
"2017-04","PI",6568,6343,"CAGED"
"2017-04","PR",85932,79190,"CAGED"
"2017-04","RJ",86142,88696,"CAGED"
"2017-04","RN",10667,11588,"CAGED"
"2017-04","RO",7080,6903,"CAGED"
"2017-04","RR",1599,1355,"CAGED"
"2017-04","RS",81342,84386,"CAGED"
"2017-04","SC",68039,66200,"CAGED"
"2017-04","SE",5617,5689,"CAGED"
"2017-04","SP",361877,331650,"CAGED"
"2017-04","TO",4836,4726,"CAGED"
"2017-05","AC",2343,2143,"CAGED"
"2017-05","AL",7056,7207,"CAGED"
"2017-05","AM",10401,10626,"CAGED"
"2017-05","AP",1500,1549,"CAGED"
"2017-05","BA",49319,46353,"CAGED"
"2017-05","CE",29761,32701,"CAGED"
"2017-05","DF",20849,21874,"CAGED"
"2017-05","ES",29395,25278,"CAGED"
"2017-05","GO",51323,43879,"CAGED"
"2017-05","MA",12589,11807,"CAGED"
"2017-05","MG",159198,136267,"CAGED"
"2017-05","MS",18926,20262,"CAGED"
"2017-05","MT",29903,28177,"CAGED"
"2017-05","PA",20450,22302,"CAGED"
"2017-05","PB",8808,9399,"CAGED"
"2017-05","PE",29991,30186,"CAGED"
"2017-05","PI",7517,6681,"CAGED"
"2017-05","PR",92293,89914,"CAGED"
"2017-05","RJ",90267,95850,"CAGED"
"2017-05","RN",11730,11932,"CAGED"
"2017-05","RO",8155,7961,"CAGED"
"2017-05","RR",1937,1670,"CAGED"
"2017-05","RS",79713,92073,"CAGED"
"2017-05","SC",74184,74798,"CAGED"
"2017-05","SE",6695,6828,"CAGED"
"2017-05","SP",382450,365224,"CAGED"
"2017-05","TO",5680,5239,"CAGED"
"2017-06","AC",2120,1869,"CAGED"
"2017-06","AL",6610,6766,"CAGED"
"2017-06","AM",9415,9516,"CAGED"
"2017-06","AP",1929,1836,"CAGED"
"2017-06","BA",43359,44649,"CAGED"
"2017-06","CE",31217,31084,"CAGED"
"2017-06","DF",19801,22285,"CAGED"
"2017-06","ES",24359,25825,"CAGED"
"2017-06","GO",48995,44200,"CAGED"
"2017-06","MA",12271,10740,"CAGED"
"2017-06","MG",146926,131481,"CAGED"
"2017-06","MS",18866,18616,"CAGED"
"2017-06","MT",32141,26362,"CAGED"
"2017-06","PA",21870,21196,"CAGED"
"2017-06","PB",8751,8513,"CAGED"
"2017-06","PE",30600,27874,"CAGED"
"2017-06","PI",8500,7788,"CAGED"
"2017-06","PR",85906,89467,"CAGED"
"2017-06","RJ",88013,93702,"CAGED"
"2017-06","RN",11944,11491,"CAGED"
"2017-06","RO",8231,7804,"CAGED"
"2017-06","RR",1676,1653,"CAGED"
"2017-06","RS",73477,82990,"CAGED"
"2017-06","SC",68777,70323,"CAGED"
"2017-06","SE",7474,6840,"CAGED"
"2017-06","SP",363007,362024,"CAGED"
"2017-06","TO",5695,5215,"CAGED"
"2017-07","AC",2045,1806,"CAGED"
"2017-07","AL",6184,6325,"CAGED"
"2017-07","AM",10070,8182,"CAGED"
"2017-07","AP",1857,1654,"CAGED"
"2017-07","BA",45302,44455,"CAGED"
"2017-07","CE",31310,29439,"CAGED"
"2017-07","DF",20945,19737,"CAGED"
"2017-07","ES",22484,24325,"CAGED"
"2017-07","GO",46453,41708,"CAGED"
"2017-07","MA",12215,10648,"CAGED"
"2017-07","MG",136750,135630,"CAGED"
"2017-07","MS",18591,20418,"CAGED"
"2017-07","MT",34374,26289,"CAGED"
"2017-07","PA",20012,18150,"CAGED"
"2017-07","PB",10217,9408,"CAGED"
"2017-07","PE",28556,27762,"CAGED"
"2017-07","PI",7042,6802,"CAGED"
"2017-07","PR",86847,85888,"CAGED"
"2017-07","RJ",87179,96499,"CAGED"
"2017-07","RN",11731,10768,"CAGED"
"2017-07","RO",8960,7704,"CAGED"
"2017-07","RR",1536,1521,"CAGED"
"2017-07","RS",79592,80741,"CAGED"
"2017-07","SC",71592,71464,"CAGED"
"2017-07","SE",6174,6483,"CAGED"
"2017-07","SP",354822,333017,"CAGED"
"2017-07","TO",4930,5047,"CAGED"
"2017-08","AC",2048,1907,"CAGED"
"2017-08","AL",6869,7293,"CAGED"
"2017-08","AM",11031,9674,"CAGED"
"2017-08","AP",1699,1739,"CAGED"
"2017-08","BA",48068,45578,"CAGED"
"2017-08","CE",36440,31465,"CAGED"
"2017-08","DF",23269,21864,"CAGED"
"2017-08","ES",25364,28211,"CAGED"
"2017-08","GO",47670,45836,"CAGED"
"2017-08","MA",13181,11447,"CAGED"
"2017-08","MG",139432,148877,"CAGED"
"2017-08","MS",19701,20167,"CAGED"
"2017-08","MT",31467,29585,"CAGED"
"2017-08","PA",22542,23066,"CAGED"
"2017-08","PB",13361,9850,"CAGED"
"2017-08","PE",35927,31721,"CAGED"
"2017-08","PI",7799,7724,"CAGED"
"2017-08","PR",92693,91513,"CAGED"
"2017-08","RJ",93997,97397,"CAGED"
"2017-08","RN",14166,10925,"CAGED"
"2017-08","RO",8968,8157,"CAGED"
"2017-08","RR",1957,1542,"CAGED"
"2017-08","RS",86734,88109,"CAGED"
"2017-08","SC",80420,74290,"CAGED"
"2017-08","SE",6763,6607,"CAGED"
"2017-08","SP",376660,359340,"CAGED"
"2017-08","TO",6725,5610,"CAGED"
"2017-09","AC",1780,1563,"CAGED"
"2017-09","AL",13352,5941,"CAGED"
"2017-09","AM",9692,9396,"CAGED"
"2017-09","AP",1235,1457,"CAGED"
"2017-09","BA",43770,41473,"CAGED"
"2017-09","CE",30774,28613,"CAGED"
"2017-09","DF",19508,18993,"CAGED"
"2017-09","ES",21149,20825,"CAGED"
"2017-09","GO",42985,46478,"CAGED"
"2017-09","MA",11259,11268,"CAGED"
"2017-09","MG",125869,130160,"CAGED"
"2017-09","MS",18346,18545,"CAGED"
"2017-09","MT",28521,27492,"CAGED"
"2017-09","PA",22172,18889,"CAGED"
"2017-09","PB",10252,8277,"CAGED"
"2017-09","PE",42066,28074,"CAGED"
"2017-09","PI",7190,6431,"CAGED"
"2017-09","PR",86000,83199,"CAGED"
"2017-09","RJ",90975,95744,"CAGED"
"2017-09","RN",12157,10515,"CAGED"
"2017-09","RO",8466,7695,"CAGED"
"2017-09","RR",1720,1185,"CAGED"
"2017-09","RS",75819,76097,"CAGED"
"2017-09","SC",73771,65760,"CAGED"
"2017-09","SE",5796,6380,"CAGED"
"2017-09","SP",338469,338720,"CAGED"
"2017-09","TO",5214,4745,"CAGED"
"2017-10","AC",1542,1758,"CAGED"
"2017-10","AL",22283,5890,"CAGED"
"2017-10","AM",10904,8299,"CAGED"
"2017-10","AP",1344,1393,"CAGED"
"2017-10","BA",42168,42204,"CAGED"
"2017-10","CE",31613,28695,"CAGED"
"2017-10","DF",19774,19558,"CAGED"
"2017-10","ES",23414,21859,"CAGED"
"2017-10","GO",44484,46155,"CAGED"
"2017-10","MA",11806,10874,"CAGED"
"2017-10","MG",132920,128411,"CAGED"
"2017-10","MS",17484,16762,"CAGED"
"2017-10","MT",29481,29156,"CAGED"
"2017-10","PA",20272,19605,"CAGED"
"2017-10","PB",9227,8313,"CAGED"
"2017-10","PE",36056,27338,"CAGED"
"2017-10","PI",8071,6457,"CAGED"
"2017-10","PR",87052,82303,"CAGED"
"2017-10","RJ",84538,88399,"CAGED"
"2017-10","RN",10966,10109,"CAGED"
"2017-10","RO",8227,7751,"CAGED"
"2017-10","RR",1760,1712,"CAGED"
"2017-10","RS",84447,76363,"CAGED"
"2017-10","SC",77772,69161,"CAGED"
"2017-10","SE",11008,5517,"CAGED"
"2017-10","SP",353787,342438,"CAGED"
"2017-10","TO",5419,4740,"CAGED"
"2017-11","AC",1522,1865,"CAGED"
"2017-11","AL",8154,6686,"CAGED"
"2017-11","AM",9533,9138,"CAGED"
"2017-11","AP",1311,1586,"CAGED"
"2017-11","BA",43439,44585,"CAGED"
"2017-11","CE",30435,27574,"CAGED"
"2017-11","DF",18432,18433,"CAGED"
"2017-11","ES",22507,22318,"CAGED"
"2017-11","GO",40401,46564,"CAGED"
"2017-11","MA",11707,12010,"CAGED"
"2017-11","MG",124287,126324,"CAGED"
"2017-11","MS",16193,18637,"CAGED"
"2017-11","MT",24199,30003,"CAGED"
"2017-11","PA",20607,19878,"CAGED"
"2017-11","PB",9296,8040,"CAGED"
"2017-11","PE",30329,30070,"CAGED"
"2017-11","PI",7523,8067,"CAGED"
"2017-11","PR",83171,81738,"CAGED"
"2017-11","RJ",89964,86926,"CAGED"
"2017-11","RN",10380,10517,"CAGED"
"2017-11","RO",7610,8327,"CAGED"
"2017-11","RR",1512,1369,"CAGED"
"2017-11","RS",86723,77970,"CAGED"
"2017-11","SC",73038,68043,"CAGED"
"2017-11","SE",6700,6656,"CAGED"
"2017-11","SP",327554,345165,"CAGED"
"2017-11","TO",5271,5601,"CAGED"
"2017-12","AC",1269,1661,"CAGED"
"2017-12","AL",5927,7199,"CAGED"
"2017-12","AM",7273,9275,"CAGED"
"2017-12","AP",1306,1716,"CAGED"
"2017-12","BA",36540,48997,"CAGED"
"2017-12","CE",22440,27003,"CAGED"
"2017-12","DF",16461,20519,"CAGED"
"2017-12","ES",19773,25754,"CAGED"
"2017-12","GO",33592,47937,"CAGED"
"2017-12","MA",9717,10704,"CAGED"
"2017-12","MG",100554,137000,"CAGED"
"2017-12","MS",12827,19445,"CAGED"
"2017-12","MT",19483,29270,"CAGED"
"2017-12","PA",15086,21908,"CAGED"
"2017-12","PB",7148,9060,"CAGED"
"2017-12","PE",25940,34254,"CAGED"
"2017-12","PI",5457,6281,"CAGED"
"2017-12","PR",64710,89713,"CAGED"
"2017-12","RJ",81064,96642,"CAGED"
"2017-12","RN",9028,11879,"CAGED"
"2017-12","RO",5920,6773,"CAGED"
"2017-12","RR",1282,1511,"CAGED"
"2017-12","RS",65035,90494,"CAGED"
"2017-12","SC",58469,80747,"CAGED"
"2017-12","SE",4954,6106,"CAGED"
"2017-12","SP",275505,391896,"CAGED"
"2017-12","TO",3826,5381,"CAGED"
"2018-01","AC",1709,2078,"CAGED"
"2018-01","AL",7663,9852,"CAGED"
"2018-01","AM",10906,11678,"CAGED"
"2018-01","AP",1939,1594,"CAGED"
"2018-01","BA",48484,42937,"CAGED"
"2018-01","CE",34890,33237,"CAGED"
"2018-01","DF",22782,19951,"CAGED"
"2018-01","ES",27738,24598,"CAGED"
"2018-01","GO",50773,45041,"CAGED"
"2018-01","MA",11666,12252,"CAGED"
"2018-01","MG",139731,131395,"CAGED"
"2018-01","MS",19545,17956,"CAGED"
"2018-01","MT",37435,27166,"CAGED"
"2018-01","PA",21146,25227,"CAGED"
"2018-01","PB",9695,12950,"CAGED"
"2018-01","PE",29428,34265,"CAGED"
"2018-01","PI",6562,7503,"CAGED"
"2018-01","PR",98120,86483,"CAGED"
"2018-01","RJ",88620,98450,"CAGED"
"2018-01","RN",11680,12319,"CAGED"
"2018-01","RO",8472,8887,"CAGED"
"2018-01","RR",1635,1543,"CAGED"
"2018-01","RS",99961,82192,"CAGED"
"2018-01","SC",91958,74610,"CAGED"
"2018-01","SE",6944,7732,"CAGED"
"2018-01","SP",389345,369067,"CAGED"
"2018-01","TO",5671,5713,"CAGED"
"2018-02","AC",1769,2197,"CAGED"
"2018-02","AL",7076,17774,"CAGED"
"2018-02","AM",9991,9936,"CAGED"
"2018-02","AP",1696,1595,"CAGED"
"2018-02","BA",42885,42921,"CAGED"
"2018-02","CE",28582,28957,"CAGED"
"2018-02","DF",21643,20374,"CAGED"
"2018-02","ES",24631,24184,"CAGED"
"2018-02","GO",49273,44136,"CAGED"
"2018-02","MA",10303,10675,"CAGED"
"2018-02","MG",134586,127298,"CAGED"
"2018-02","MS",21328,18048,"CAGED"
"2018-02","MT",32391,27670,"CAGED"
"2018-02","PA",19867,19594,"CAGED"
"2018-02","PB",11163,13921,"CAGED"
"2018-02","PE",26965,34346,"CAGED"
"2018-02","PI",7419,7251,"CAGED"
"2018-02","PR",102638,94935,"CAGED"
"2018-02","RJ",91076,93826,"CAGED"
"2018-02","RN",9482,13052,"CAGED"
"2018-02","RO",9233,8650,"CAGED"
"2018-02","RR",1543,1592,"CAGED"
"2018-02","RS",101843,88819,"CAGED"
"2018-02","SC",99705,83361,"CAGED"
"2018-02","SE",6325,7256,"CAGED"
"2018-02","SP",395910,365870,"CAGED"
"2018-02","TO",5642,5539,"CAGED"
"2018-03","AC",1872,2029,"CAGED"
"2018-03","AL",7100,14099,"CAGED"
"2018-03","AM",9778,9230,"CAGED"
"2018-03","AP",1431,1613,"CAGED"
"2018-03","BA",50740,46589,"CAGED"
"2018-03","CE",29958,29720,"CAGED"
"2018-03","DF",22463,21847,"CAGED"
"2018-03","ES",27833,26053,"CAGED"
"2018-03","GO",50584,45272,"CAGED"
"2018-03","MA",11670,10653,"CAGED"
"2018-03","MG",150580,136431,"CAGED"
"2018-03","MS",20126,20772,"CAGED"
"2018-03","MT",29741,32759,"CAGED"
"2018-03","PA",19450,20237,"CAGED"
"2018-03","PB",9595,9962,"CAGED"
"2018-03","PE",29907,39596,"CAGED"
"2018-03","PI",7689,6734,"CAGED"
"2018-03","PR",103997,97483,"CAGED"
"2018-03","RJ",98636,98389,"CAGED"
"2018-03","RN",11184,11621,"CAGED"
"2018-03","RO",8707,8496,"CAGED"
"2018-03","RR",1602,1604,"CAGED"
"2018-03","RS",109755,97088,"CAGED"
"2018-03","SC",87218,85308,"CAGED"
"2018-03","SE",7093,9570,"CAGED"
"2018-03","SP",425778,395319,"CAGED"
"2018-03","TO",5666,5528,"CAGED"
"2018-04","AC",1668,1438,"CAGED"
"2018-04","AL",7486,10051,"CAGED"
"2018-04","AM",10063,10296,"CAGED"
"2018-04","AP",1466,1056,"CAGED"
"2018-04","BA",48368,46392,"CAGED"
"2018-04","CE",32446,29348,"CAGED"
"2018-04","DF",22824,18904,"CAGED"
"2018-04","ES",26460,23695,"CAGED"
"2018-04","GO",53603,44812,"CAGED"
"2018-04","MA",11965,10633,"CAGED"
"2018-04","MG",154981,131418,"CAGED"
"2018-04","MS",20532,18944,"CAGED"
"2018-04","MT",31131,29661,"CAGED"
"2018-04","PA",20911,18138,"CAGED"
"2018-04","PB",9547,9393,"CAGED"
"2018-04","PE",30163,30433,"CAGED"
"2018-04","PI",7129,6550,"CAGED"
"2018-04","PR",97891,88663,"CAGED"
"2018-04","RJ",94279,86959,"CAGED"
"2018-04","RN",11326,11449,"CAGED"
"2018-04","RO",8508,7903,"CAGED"
"2018-04","RR",1715,1606,"CAGED"
"2018-04","RS",92019,93271,"CAGED"
"2018-04","SC",82502,77180,"CAGED"
"2018-04","SE",6485,6219,"CAGED"
"2018-04","SP",414271,369845,"CAGED"
"2018-04","TO",5486,5070,"CAGED"
"2018-05","AC",1880,2071,"CAGED"
"2018-05","AL",8528,8113,"CAGED"
"2018-05","AM",9073,10284,"CAGED"
"2018-05","AP",1308,1419,"CAGED"
"2018-05","BA",52423,46488,"CAGED"
"2018-05","CE",33327,31288,"CAGED"
"2018-05","DF",24862,23788,"CAGED"
"2018-05","ES",32448,27447,"CAGED"
"2018-05","GO",47905,46794,"CAGED"
"2018-05","MA",14203,12128,"CAGED"
"2018-05","MG",158680,138857,"CAGED"
"2018-05","MS",19403,19690,"CAGED"
"2018-05","MT",31985,29921,"CAGED"
"2018-05","PA",22255,20246,"CAGED"
"2018-05","PB",9100,9803,"CAGED"
"2018-05","PE",30462,29841,"CAGED"
"2018-05","PI",7463,6677,"CAGED"
"2018-05","PR",94579,92781,"CAGED"
"2018-05","RJ",91089,94228,"CAGED"
"2018-05","RN",11005,11304,"CAGED"
"2018-05","RO",8876,8467,"CAGED"
"2018-05","RR",1652,2010,"CAGED"
"2018-05","RS",83192,93919,"CAGED"
"2018-05","SC",75650,80134,"CAGED"
"2018-05","SE",6409,6568,"CAGED"
"2018-05","SP",393102,383947,"CAGED"
"2018-05","TO",6717,5704,"CAGED"
"2018-06","AC",1822,1633,"CAGED"
"2018-06","AL",6629,6763,"CAGED"
"2018-06","AM",9688,9059,"CAGED"
"2018-06","AP",1663,2199,"CAGED"
"2018-06","BA",44421,46184,"CAGED"
"2018-06","CE",29982,29257,"CAGED"
"2018-06","DF",21473,20989,"CAGED"
"2018-06","ES",26603,28165,"CAGED"
"2018-06","GO",46607,44434,"CAGED"
"2018-06","MA",13510,10703,"CAGED"
"2018-06","MG",143531,131388,"CAGED"
"2018-06","MS",17450,17153,"CAGED"
"2018-06","MT",32011,26599,"CAGED"
"2018-06","PA",21514,20690,"CAGED"
"2018-06","PB",9115,8714,"CAGED"
"2018-06","PE",28351,28230,"CAGED"
"2018-06","PI",7421,6939,"CAGED"
"2018-06","PR",82293,88902,"CAGED"
"2018-06","RJ",85739,88258,"CAGED"
"2018-06","RN",11750,10945,"CAGED"
"2018-06","RO",7493,7847,"CAGED"
"2018-06","RR",1420,1690,"CAGED"
"2018-06","RS",76643,83164,"CAGED"
"2018-06","SC",67088,71108,"CAGED"
"2018-06","SE",6244,6107,"CAGED"
"2018-06","SP",361390,365840,"CAGED"
"2018-06","TO",5680,5232,"CAGED"
"2018-07","AC",2041,1670,"CAGED"
"2018-07","AL",7704,6570,"CAGED"
"2018-07","AM",10494,9211,"CAGED"
"2018-07","AP",2182,1640,"CAGED"
"2018-07","BA",46335,44663,"CAGED"
"2018-07","CE",30410,29616,"CAGED"
"2018-07","DF",22663,22844,"CAGED"
"2018-07","ES",26693,27334,"CAGED"
"2018-07","GO",46632,42514,"CAGED"
"2018-07","MA",12373,10520,"CAGED"
"2018-07","MG",151235,140903,"CAGED"
"2018-07","MS",18903,18115,"CAGED"
"2018-07","MT",33888,28702,"CAGED"
"2018-07","PA",22135,18626,"CAGED"
"2018-07","PB",10654,9301,"CAGED"
"2018-07","PE",28612,28723,"CAGED"
"2018-07","PI",7118,6918,"CAGED"
"2018-07","PR",93219,90734,"CAGED"
"2018-07","RJ",88977,89978,"CAGED"
"2018-07","RN",11937,11367,"CAGED"
"2018-07","RO",9088,8280,"CAGED"
"2018-07","RR",1373,1488,"CAGED"
"2018-07","RS",83025,85682,"CAGED"
"2018-07","SC",75432,75673,"CAGED"
"2018-07","SE",6617,6919,"CAGED"
"2018-07","SP",363996,348663,"CAGED"
"2018-07","TO",5451,5214,"CAGED"
"2018-08","AC",1866,2038,"CAGED"
"2018-08","AL",11658,7768,"CAGED"
"2018-08","AM",11653,9861,"CAGED"
"2018-08","AP",2079,1530,"CAGED"
"2018-08","BA",51019,46155,"CAGED"
"2018-08","CE",35247,30586,"CAGED"
"2018-08","DF",25346,22554,"CAGED"
"2018-08","ES",28426,28814,"CAGED"
"2018-08","GO",51529,46808,"CAGED"
"2018-08","MA",12155,12221,"CAGED"
"2018-08","MG",155010,150480,"CAGED"
"2018-08","MS",19448,18242,"CAGED"
"2018-08","MT",34749,30351,"CAGED"
"2018-08","PA",26809,20572,"CAGED"
"2018-08","PB",16914,9670,"CAGED"
"2018-08","PE",41284,29721,"CAGED"
"2018-08","PI",7665,7254,"CAGED"
"2018-08","PR",104237,93898,"CAGED"
"2018-08","RJ",97312,94395,"CAGED"
"2018-08","RN",15797,11311,"CAGED"
"2018-08","RO",9029,8717,"CAGED"
"2018-08","RR",1641,1506,"CAGED"
"2018-08","RS",88380,92408,"CAGED"
"2018-08","SC",82938,79006,"CAGED"
"2018-08","SE",6969,7562,"CAGED"
"2018-08","SP",408138,373894,"CAGED"
"2018-08","TO",6124,5669,"CAGED"
"2018-09","AC",1930,1645,"CAGED"
"2018-09","AL",21591,6412,"CAGED"
"2018-09","AM",10923,9109,"CAGED"
"2018-09","AP",1788,1254,"CAGED"
"2018-09","BA",48969,40460,"CAGED"
"2018-09","CE",33347,26992,"CAGED"
"2018-09","DF",22739,19444,"CAGED"
"2018-09","ES",26297,22956,"CAGED"
"2018-09","GO",46586,43321,"CAGED"
"2018-09","MA",11835,10106,"CAGED"
"2018-09","MG",140141,134941,"CAGED"
"2018-09","MS",18102,20747,"CAGED"
"2018-09","MT",31394,27408,"CAGED"
"2018-09","PA",24787,19267,"CAGED"
"2018-09","PB",10287,8204,"CAGED"
"2018-09","PE",46984,25570,"CAGED"
"2018-09","PI",7619,6400,"CAGED"
"2018-09","PR",91491,82004,"CAGED"
"2018-09","RJ",89609,81665,"CAGED"
"2018-09","RN",11815,10089,"CAGED"
"2018-09","RO",8495,7718,"CAGED"
"2018-09","RR",1792,1167,"CAGED"
"2018-09","RS",77376,76017,"CAGED"
"2018-09","SC",75515,68298,"CAGED"
"2018-09","SE",9613,5650,"CAGED"
"2018-09","SP",357621,335173,"CAGED"
"2018-09","TO",5945,5238,"CAGED"
"2018-10","AC",2184,1977,"CAGED"
"2018-10","AL",10117,6739,"CAGED"
"2018-10","AM",11351,10167,"CAGED"
"2018-10","AP",1784,1605,"CAGED"
"2018-10","BA",48140,47515,"CAGED"
"2018-10","CE",34025,30356,"CAGED"
"2018-10","DF",22716,22227,"CAGED"
"2018-10","ES",25720,24808,"CAGED"
"2018-10","GO",47058,50623,"CAGED"
"2018-10","MA",12554,11890,"CAGED"
"2018-10","MG",150262,147427,"CAGED"
"2018-10","MS",19080,17958,"CAGED"
"2018-10","MT",32000,30105,"CAGED"
"2018-10","PA",22886,22379,"CAGED"
"2018-10","PB",10061,8822,"CAGED"
"2018-10","PE",30166,31496,"CAGED"
"2018-10","PI",7326,7076,"CAGED"
"2018-10","PR",97041,90104,"CAGED"
"2018-10","RJ",91565,92412,"CAGED"
"2018-10","RN",12627,10136,"CAGED"
"2018-10","RO",8289,8663,"CAGED"
"2018-10","RR",1782,1637,"CAGED"
"2018-10","RS",92278,82959,"CAGED"
"2018-10","SC",86493,76750,"CAGED"
"2018-10","SE",8667,6227,"CAGED"
"2018-10","SP",387367,374279,"CAGED"
"2018-10","TO",5963,5432,"CAGED"
"2018-11","AC",1734,2038,"CAGED"
"2018-11","AL",8005,7794,"CAGED"
"2018-11","AM",10846,10558,"CAGED"
"2018-11","AP",1755,1677,"CAGED"
"2018-11","BA",46351,45387,"CAGED"
"2018-11","CE",30994,28745,"CAGED"
"2018-11","DF",21208,19878,"CAGED"
"2018-11","ES",26315,23067,"CAGED"
"2018-11","GO",42522,48682,"CAGED"
"2018-11","MA",11239,11519,"CAGED"
"2018-11","MG",130890,130523,"CAGED"
"2018-11","MS",18392,17672,"CAGED"
"2018-11","MT",26472,29899,"CAGED"
"2018-11","PA",21012,20455,"CAGED"
"2018-11","PB",9336,8322,"CAGED"
"2018-11","PE",32346,30533,"CAGED"
"2018-11","PI",6435,6721,"CAGED"
"2018-11","PR",88497,83047,"CAGED"
"2018-11","RJ",96514,82814,"CAGED"
"2018-11","RN",12009,10323,"CAGED"
"2018-11","RO",7710,8350,"CAGED"
"2018-11","RR",1662,1438,"CAGED"
"2018-11","RS",87418,77297,"CAGED"
"2018-11","SC",79702,70510,"CAGED"
"2018-11","SE",6430,6500,"CAGED"
"2018-11","SP",358534,340780,"CAGED"
"2018-11","TO",5086,6221,"CAGED"
"2018-12","AC",1362,2073,"CAGED"
"2018-12","AL",6522,8062,"CAGED"
"2018-12","AM",8344,9946,"CAGED"
"2018-12","AP",1498,2062,"CAGED"
"2018-12","BA",39501,51206,"CAGED"
"2018-12","CE",23514,28995,"CAGED"
"2018-12","DF",18381,22872,"CAGED"
"2018-12","ES",21873,25908,"CAGED"
"2018-12","GO",35472,48814,"CAGED"
"2018-12","MA",7770,10688,"CAGED"
"2018-12","MG",104092,142853,"CAGED"
"2018-12","MS",13092,25180,"CAGED"
"2018-12","MT",22884,32238,"CAGED"
"2018-12","PA",16077,22927,"CAGED"
"2018-12","PB",7515,10131,"CAGED"
"2018-12","PE",22810,37764,"CAGED"
"2018-12","PI",6233,7056,"CAGED"
"2018-12","PR",71641,98479,"CAGED"
"2018-12","RJ",87174,101315,"CAGED"
"2018-12","RN",9808,12076,"CAGED"
"2018-12","RO",6328,6885,"CAGED"
"2018-12","RR",1316,1643,"CAGED"
"2018-12","RS",67794,90060,"CAGED"
"2018-12","SC",61702,84318,"CAGED"
"2018-12","SE",5037,6716,"CAGED"
"2018-12","SP",289297,399560,"CAGED"
"2018-12","TO",4108,5780,"CAGED"
"2019-01","AC",1575,2352,"CAGED"
"2019-01","AL",7893,12927,"CAGED"
"2019-01","AM",11539,12250,"CAGED"
"2019-01","AP",1513,1975,"CAGED"
"2019-01","BA",48504,47293,"CAGED"
"2019-01","CE",29832,34814,"CAGED"
"2019-01","DF",24015,22608,"CAGED"
"2019-01","ES",29505,26897,"CAGED"
"2019-01","GO",50160,46383,"CAGED"
"2019-01","MA",10739,12105,"CAGED"
"2019-01","MG",141716,140224,"CAGED"
"2019-01","MS",25555,19461,"CAGED"
"2019-01","MT",41442,29918,"CAGED"
"2019-01","PA",20662,23581,"CAGED"
"2019-01","PB",9075,16920,"CAGED"
"2019-01","PE",29169,36411,"CAGED"
"2019-01","PI",6593,8498,"CAGED"
"2019-01","PR",104415,95270,"CAGED"
"2019-01","RJ",92505,104758,"CAGED"
"2019-01","RN",12094,13453,"CAGED"
"2019-01","RO",8529,9359,"CAGED"
"2019-01","RR",1757,2057,"CAGED"
"2019-01","RS",100816,88385,"CAGED"
"2019-01","SC",101378,81221,"CAGED"
"2019-01","SE",6682,8439,"CAGED"
"2019-01","SP",401759,387121,"CAGED"
"2019-01","TO",5761,6190,"CAGED"
"2019-02","AC",2084,2043,"CAGED"
"2019-02","AL",8189,10444,"CAGED"
"2019-02","AM",10973,9548,"CAGED"
"2019-02","AP",1686,1607,"CAGED"
"2019-02","BA",49056,43350,"CAGED"
"2019-02","CE",34029,32164,"CAGED"
"2019-02","DF",25098,21869,"CAGED"
"2019-02","ES",30725,27184,"CAGED"
"2019-02","GO",51415,45418,"CAGED"
"2019-02","MA",11099,12081,"CAGED"
"2019-02","MG",164718,138702,"CAGED"
"2019-02","MS",22127,18616,"CAGED"
"2019-02","MT",33267,31688,"CAGED"
"2019-02","PA",23802,23165,"CAGED"
"2019-02","PB",10607,10175,"CAGED"
"2019-02","PE",30408,42804,"CAGED"
"2019-02","PI",8056,8456,"CAGED"
"2019-02","PR",119378,101124,"CAGED"
"2019-02","RJ",104002,94249,"CAGED"
"2019-02","RN",11845,14094,"CAGED"
"2019-02","RO",9612,9070,"CAGED"
"2019-02","RR",1515,1761,"CAGED"
"2019-02","RS",114853,92390,"CAGED"
"2019-02","SC",111030,85726,"CAGED"
"2019-02","SE",7267,9429,"CAGED"
"2019-02","SP",449969,387630,"CAGED"
"2019-02","TO",6474,5358,"CAGED"
"2019-03","AC",1858,2175,"CAGED"
"2019-03","AL",7061,16697,"CAGED"
"2019-03","AM",10216,10059,"CAGED"
"2019-03","AP",1665,1617,"CAGED"
"2019-03","BA",46742,44173,"CAGED"
"2019-03","CE",27109,31747,"CAGED"
"2019-03","DF",22037,22392,"CAGED"
"2019-03","ES",26478,27321,"CAGED"
"2019-03","GO",48397,45685,"CAGED"
"2019-03","MA",10871,11701,"CAGED"
"2019-03","MG",144929,139766,"CAGED"
"2019-03","MS",20449,19923,"CAGED"
"2019-03","MT",30007,34596,"CAGED"
"2019-03","PA",18356,22472,"CAGED"
"2019-03","PB",8701,9620,"CAGED"
"2019-03","PE",27363,33649,"CAGED"
"2019-03","PI",6506,7311,"CAGED"
"2019-03","PR",99248,100459,"CAGED"
"2019-03","RJ",91107,98093,"CAGED"
"2019-03","RN",10236,12269,"CAGED"
"2019-03","RO",8685,9511,"CAGED"
"2019-03","RR",1879,1803,"CAGED"
"2019-03","RS",105841,103402,"CAGED"
"2019-03","SC",88362,91338,"CAGED"
"2019-03","SE",6017,7167,"CAGED"
"2019-03","SP",385802,393809,"CAGED"
"2019-03","TO",5255,5618,"CAGED"
"2019-04","AC",2092,1715,"CAGED"
"2019-04","AL",6964,11656,"CAGED"
"2019-04","AM",11708,10065,"CAGED"
"2019-04","AP",1525,1298,"CAGED"
"2019-04","BA",55305,45212,"CAGED"
"2019-04","CE",30735,28582,"CAGED"
"2019-04","DF",23214,19237,"CAGED"
"2019-04","ES",28189,25308,"CAGED"
"2019-04","GO",52497,46001,"CAGED"
"2019-04","MA",18321,11640,"CAGED"
"2019-04","MG",162433,140085,"CAGED"
"2019-04","MS",21953,19292,"CAGED"
"2019-04","MT",32406,30300,"CAGED"
"2019-04","PA",20211,20236,"CAGED"
"2019-04","PB",10025,9247,"CAGED"
"2019-04","PE",31001,30576,"CAGED"
"2019-04","PI",6828,6821,"CAGED"
"2019-04","PR",104601,93948,"CAGED"
"2019-04","RJ",94226,88517,"CAGED"
"2019-04","RN",11328,11829,"CAGED"
"2019-04","RO",8943,8369,"CAGED"
"2019-04","RR",2040,1888,"CAGED"
"2019-04","RS",95638,98136,"CAGED"
"2019-04","SC",87927,81512,"CAGED"
"2019-04","SE",6461,5812,"CAGED"
"2019-04","SP",442494,392326,"CAGED"
"2019-04","TO",5563,5419,"CAGED"
"2019-05","AC",2362,1991,"CAGED"
"2019-05","AL",7577,8323,"CAGED"
"2019-05","AM",11661,10599,"CAGED"
"2019-05","AP",1365,1648,"CAGED"
"2019-05","BA",51609,49069,"CAGED"
"2019-05","CE",30571,31999,"CAGED"
"2019-05","DF",24738,24238,"CAGED"
"2019-05","ES",38806,29422,"CAGED"
"2019-05","GO",51105,48309,"CAGED"
"2019-05","MA",11931,12037,"CAGED"
"2019-05","MG",170116,151736,"CAGED"
"2019-05","MS",20093,18996,"CAGED"
"2019-05","MT",33046,31291,"CAGED"
"2019-05","PA",23611,21062,"CAGED"
"2019-05","PB",10013,9330,"CAGED"
"2019-05","PE",31630,29929,"CAGED"
"2019-05","PI",9069,8029,"CAGED"
"2019-05","PR",99461,98030,"CAGED"
"2019-05","RJ",95929,100218,"CAGED"
"2019-05","RN",11234,11730,"CAGED"
"2019-05","RO",9336,9093,"CAGED"
"2019-05","RR",1992,1868,"CAGED"
"2019-05","RS",84923,96130,"CAGED"
"2019-05","SC",84364,85523,"CAGED"
"2019-05","SE",7079,6948,"CAGED"
"2019-05","SP",417920,411897,"CAGED"
"2019-05","TO",5763,5719,"CAGED"
"2019-06","AC",2095,1848,"CAGED"
"2019-06","AL",7400,8261,"CAGED"
"2019-06","AM",11514,9831,"CAGED"
"2019-06","AP",1534,1699,"CAGED"
"2019-06","BA",46922,44560,"CAGED"
"2019-06","CE",29410,29532,"CAGED"
"2019-06","DF",24520,23910,"CAGED"
"2019-06","ES",28669,29821,"CAGED"
"2019-06","GO",47644,45567,"CAGED"
"2019-06","MA",13425,11424,"CAGED"
"2019-06","MG",149121,137518,"CAGED"
"2019-06","MS",19354,18456,"CAGED"
"2019-06","MT",35522,28155,"CAGED"
"2019-06","PA",22122,20985,"CAGED"
"2019-06","PB",9505,10300,"CAGED"
"2019-06","PE",28834,29087,"CAGED"
"2019-06","PI",8599,7291,"CAGED"
"2019-06","PR",90992,90834,"CAGED"
"2019-06","RJ",93864,91523,"CAGED"
"2019-06","RN",11452,10215,"CAGED"
"2019-06","RO",9082,8129,"CAGED"
"2019-06","RR",1797,1603,"CAGED"
"2019-06","RS",78796,82608,"CAGED"
"2019-06","SC",74906,73966,"CAGED"
"2019-06","SE",6217,5952,"CAGED"
"2019-06","SP",389627,371365,"CAGED"
"2019-06","TO",5183,5230,"CAGED"
"2019-07","AC",2452,2251,"CAGED"
"2019-07","AL",9503,8033,"CAGED"
"2019-07","AM",13305,11177,"CAGED"
"2019-07","AP",2246,2224,"CAGED"
"2019-07","BA",50878,53153,"CAGED"
"2019-07","CE",32979,32089,"CAGED"
"2019-07","DF",25161,23240,"CAGED"
"2019-07","ES",28297,32414,"CAGED"
"2019-07","GO",49742,47098,"CAGED"
"2019-07","MA",12199,12174,"CAGED"
"2019-07","MG",163889,153280,"CAGED"
"2019-07","MS",20951,19745,"CAGED"
"2019-07","MT",36985,32816,"CAGED"
"2019-07","PA",23839,20841,"CAGED"
"2019-07","PB",12015,10145,"CAGED"
"2019-07","PE",30016,30112,"CAGED"
"2019-07","PI",7972,7619,"CAGED"
"2019-07","PR",101379,100808,"CAGED"
"2019-07","RJ",99901,102746,"CAGED"
"2019-07","RN",13174,12386,"CAGED"
"2019-07","RO",10637,9132,"CAGED"
"2019-07","RR",1820,1567,"CAGED"
"2019-07","RS",88754,92402,"CAGED"
"2019-07","SC",84428,80995,"CAGED"
"2019-07","SE",6187,6630,"CAGED"
"2019-07","SP",396713,376509,"CAGED"
"2019-07","TO",5767,5783,"CAGED"
"2019-08","AC",2263,2003,"CAGED"
"2019-08","AL",11980,8482,"CAGED"
"2019-08","AM",12171,10266,"CAGED"
"2019-08","AP",1666,1595,"CAGED"
"2019-08","BA",54178,50786,"CAGED"
"2019-08","CE",35339,30814,"CAGED"
"2019-08","DF",25734,23634,"CAGED"
"2019-08","ES",28488,28109,"CAGED"
"2019-08","GO",50725,46671,"CAGED"
"2019-08","MA",13526,12031,"CAGED"
"2019-08","MG",155999,150104,"CAGED"
"2019-08","MS",20297,19145,"CAGED"
"2019-08","MT",35144,31019,"CAGED"
"2019-08","PA",28637,22526,"CAGED"
"2019-08","PB",16710,9940,"CAGED"
"2019-08","PE",41334,30903,"CAGED"
"2019-08","PI",9284,7812,"CAGED"
"2019-08","PR",104978,96252,"CAGED"
"2019-08","RJ",106616,94806,"CAGED"
"2019-08","RN",15264,11525,"CAGED"
"2019-08","RO",9909,8740,"CAGED"
"2019-08","RR",1970,1694,"CAGED"
"2019-08","RS",87241,89229,"CAGED"
"2019-08","SC",85943,79414,"CAGED"
"2019-08","SE",6937,7562,"CAGED"
"2019-08","SP",413768,380470,"CAGED"
"2019-08","TO",6306,5488,"CAGED"
"2019-09","AC",2271,1779,"CAGED"
"2019-09","AL",23683,7154,"CAGED"
"2019-09","AM",12167,10501,"CAGED"
"2019-09","AP",1769,1587,"CAGED"
"2019-09","BA",49567,45002,"CAGED"
"2019-09","CE",33795,27472,"CAGED"
"2019-09","DF",24918,23379,"CAGED"
"2019-09","ES",26373,23444,"CAGED"
"2019-09","GO",49506,44787,"CAGED"
"2019-09","MA",13205,11444,"CAGED"
"2019-09","MG",150393,146552,"CAGED"
"2019-09","MS",19899,18982,"CAGED"
"2019-09","MT",33726,30828,"CAGED"
"2019-09","PA",25479,20182,"CAGED"
"2019-09","PB",11527,8429,"CAGED"
"2019-09","PE",48820,31190,"CAGED"
"2019-09","PI",8460,7293,"CAGED"
"2019-09","PR",97884,88666,"CAGED"
"2019-09","RJ",101718,87761,"CAGED"
"2019-09","RN",13344,10859,"CAGED"
"2019-09","RO",9034,8348,"CAGED"
"2019-09","RR",2064,1459,"CAGED"
"2019-09","RS",81574,79971,"CAGED"
"2019-09","SC",87062,74013,"CAGED"
"2019-09","SE",9425,5948,"CAGED"
"2019-09","SP",398189,362033,"CAGED"
"2019-09","TO",5864,5440,"CAGED"
"2019-10","AC",1962,2329,"CAGED"
"2019-10","AL",9884,7594,"CAGED"
"2019-10","AM",12355,11704,"CAGED"
"2019-10","AP",2181,1761,"CAGED"
"2019-10","BA",52668,53257,"CAGED"
"2019-10","CE",34147,30651,"CAGED"
"2019-10","DF",24849,26214,"CAGED"
"2019-10","ES",28902,26989,"CAGED"
"2019-10","GO",52058,51546,"CAGED"
"2019-10","MA",14353,11133,"CAGED"
"2019-10","MG",158035,145753,"CAGED"
"2019-10","MS",19375,18684,"CAGED"
"2019-10","MT",34518,32879,"CAGED"
"2019-10","PA",24558,21837,"CAGED"
"2019-10","PB",11695,9831,"CAGED"
"2019-10","PE",36089,30982,"CAGED"
"2019-10","PI",8118,7394,"CAGED"
"2019-10","PR",104617,97211,"CAGED"
"2019-10","RJ",95198,105140,"CAGED"
"2019-10","RN",13352,10372,"CAGED"
"2019-10","RO",9023,8884,"CAGED"
"2019-10","RR",2067,1825,"CAGED"
"2019-10","RS",93649,85330,"CAGED"
"2019-10","SC",94451,82872,"CAGED"
"2019-10","SE",9096,6412,"CAGED"
"2019-10","SP",412056,400329,"CAGED"
"2019-10","TO",5798,5289,"CAGED"
"2019-11","AC",1885,2498,"CAGED"
"2019-11","AL",8554,7227,"CAGED"
"2019-11","AM",11635,10046,"CAGED"
"2019-11","AP",1810,1577,"CAGED"
"2019-11","BA",54392,50434,"CAGED"
"2019-11","CE",32262,27402,"CAGED"
"2019-11","DF",24293,21577,"CAGED"
"2019-11","ES",26542,23926,"CAGED"
"2019-11","GO",45555,50142,"CAGED"
"2019-11","MA",12465,11302,"CAGED"
"2019-11","MG",145458,137076,"CAGED"
"2019-11","MS",18537,19367,"CAGED"
"2019-11","MT",28717,31154,"CAGED"
"2019-11","PA",23653,20530,"CAGED"
"2019-11","PB",10856,8913,"CAGED"
"2019-11","PE",32802,29608,"CAGED"
"2019-11","PI",7437,7237,"CAGED"
"2019-11","PR",96296,89584,"CAGED"
"2019-11","RJ",100232,83310,"CAGED"
"2019-11","RN",11606,9916,"CAGED"
"2019-11","RO",8308,8662,"CAGED"
"2019-11","RR",2291,1663,"CAGED"
"2019-11","RS",90678,78421,"CAGED"
"2019-11","SC",85961,75935,"CAGED"
"2019-11","SE",7519,6030,"CAGED"
"2019-11","SP",396882,373742,"CAGED"
"2019-11","TO",5211,5326,"CAGED"
"2019-12","AC",1539,2098,"CAGED"
"2019-12","AL",6059,7218,"CAGED"
"2019-12","AM",8642,12599,"CAGED"
"2019-12","AP",1404,1795,"CAGED"
"2019-12","BA",42149,53523,"CAGED"
"2019-12","CE",22718,26114,"CAGED"
"2019-12","DF",20434,25631,"CAGED"
"2019-12","ES",22057,25903,"CAGED"
"2019-12","GO",35879,51968,"CAGED"
"2019-12","MA",9378,12799,"CAGED"
"2019-12","MG",111101,146989,"CAGED"
"2019-12","MS",13300,19628,"CAGED"
"2019-12","MT",23371,32723,"CAGED"
"2019-12","PA",16912,23228,"CAGED"
"2019-12","PB",8196,11188,"CAGED"
"2019-12","PE",24737,30095,"CAGED"
"2019-12","PI",5274,8231,"CAGED"
"2019-12","PR",74787,97544,"CAGED"
"2019-12","RJ",84650,95198,"CAGED"
"2019-12","RN",9999,13132,"CAGED"
"2019-12","RO",6694,7760,"CAGED"
"2019-12","RR",1595,1766,"CAGED"
"2019-12","RS",70161,88849,"CAGED"
"2019-12","SC",65283,89599,"CAGED"
"2019-12","SE",5818,6831,"CAGED"
"2019-12","SP",294787,400096,"CAGED"
"2019-12","TO",3924,5654,"CAGED"
"2020-01","AC",2502,2372,"Novo CAGED"
"2020-01","AL",8019,12276,"Novo CAGED"
"2020-01","AM",13206,12313,"Novo CAGED"
"2020-01","AP",1774,1853,"Novo CAGED"
"2020-01","BA",48138,46104,"Novo CAGED"
"2020-01","CE",32300,30656,"Novo CAGED"
"2020-01","DF",25213,24550,"Novo CAGED"
"2020-01","ES",26262,25965,"Novo CAGED"
"2020-01","GO",50477,43775,"Novo CAGED"
"2020-01","MA",11705,11730,"Novo CAGED"
"2020-01","MG",139568,135403,"Novo CAGED"
"2020-01","MS",18094,16744,"Novo CAGED"
"2020-01","MT",36307,27740,"Novo CAGED"
"2020-01","PA",22038,21579,"Novo CAGED"
"2020-01","PB",10046,11358,"Novo CAGED"
"2020-01","PE",30449,33205,"Novo CAGED"
"2020-01","PI",6836,7322,"Novo CAGED"
"2020-01","PR",110373,94234,"Novo CAGED"
"2020-01","RJ",93758,105001,"Novo CAGED"
"2020-01","RN",10870,12223,"Novo CAGED"
"2020-01","RO",8168,8511,"Novo CAGED"
"2020-01","RR",1864,1542,"Novo CAGED"
"2020-01","RS",97034,85472,"Novo CAGED"
"2020-01","SC",108186,81992,"Novo CAGED"
"2020-01","SE",7225,6968,"Novo CAGED"
"2020-01","SP",459279,426222,"Novo CAGED"
"2020-01","TO",5287,5197,"Novo CAGED"
"2020-02","AC",2751,1883,"Novo CAGED"
"2020-02","AL",8418,16771,"Novo CAGED"
"2020-02","AM",12652,10765,"Novo CAGED"
"2020-02","AP",1932,1633,"Novo CAGED"
"2020-02","BA",49978,42936,"Novo CAGED"
"2020-02","CE",33864,27424,"Novo CAGED"
"2020-02","DF",26864,22245,"Novo CAGED"
"2020-02","ES",29939,26223,"Novo CAGED"
"2020-02","GO",51623,41507,"Novo CAGED"
"2020-02","MA",12178,10299,"Novo CAGED"
"2020-02","MG",160375,133660,"Novo CAGED"
"2020-02","MS",23346,17370,"Novo CAGED"
"2020-02","MT",32900,29677,"Novo CAGED"
"2020-02","PA",24316,20502,"Novo CAGED"
"2020-02","PB",10832,13702,"Novo CAGED"
"2020-02","PE",31249,33060,"Novo CAGED"
"2020-02","PI",7077,6182,"Novo CAGED"
"2020-02","PR",128786,102175,"Novo CAGED"
"2020-02","RJ",101973,97765,"Novo CAGED"
"2020-02","RN",11203,13599,"Novo CAGED"
"2020-02","RO",9387,8671,"Novo CAGED"
"2020-02","RR",2299,1506,"Novo CAGED"
"2020-02","RS",109958,87724,"Novo CAGED"
"2020-02","SC",108293,89755,"Novo CAGED"
"2020-02","SE",6763,8871,"Novo CAGED"
"2020-02","SP",465493,405390,"Novo CAGED"
"2020-02","TO",6314,4954,"Novo CAGED"
"2020-03","AC",2394,2338,"Novo CAGED"
"2020-03","AL",7375,12997,"Novo CAGED"
"2020-03","AM",11225,13833,"Novo CAGED"
"2020-03","AP",1423,1665,"Novo CAGED"
"2020-03","BA",46437,60190,"Novo CAGED"
"2020-03","CE",30575,33259,"Novo CAGED"
"2020-03","DF",23460,31738,"Novo CAGED"
"2020-03","ES",26720,30668,"Novo CAGED"
"2020-03","GO",44400,46001,"Novo CAGED"
"2020-03","MA",11425,12568,"Novo CAGED"
"2020-03","MG",148167,164652,"Novo CAGED"
"2020-03","MS",20887,21208,"Novo CAGED"
"2020-03","MT",28479,31210,"Novo CAGED"
"2020-03","PA",21791,23560,"Novo CAGED"
"2020-03","PB",10712,11380,"Novo CAGED"
"2020-03","PE",27112,51906,"Novo CAGED"
"2020-03","PI",7249,7163,"Novo CAGED"
"2020-03","PR",107771,120761,"Novo CAGED"
"2020-03","RJ",86134,115256,"Novo CAGED"
"2020-03","RN",10843,12896,"Novo CAGED"
"2020-03","RO",8154,8918,"Novo CAGED"
"2020-03","RR",2085,1613,"Novo CAGED"
"2020-03","RS",96227,109678,"Novo CAGED"
"2020-03","SC",85675,92621,"Novo CAGED"
"2020-03","SE",5538,8164,"Novo CAGED"
"2020-03","SP",470077,548317,"Novo CAGED"
"2020-03","TO",5322,5408,"Novo CAGED"
"2020-04","AC",1646,1927,"Novo CAGED"
"2020-04","AL",2807,10529,"Novo CAGED"
"2020-04","AM",5850,14939,"Novo CAGED"
"2020-04","AP",551,1415,"Novo CAGED"
"2020-04","BA",24185,59160,"Novo CAGED"
"2020-04","CE",12622,43683,"Novo CAGED"
"2020-04","DF",10051,26382,"Novo CAGED"
"2020-04","ES",11442,29626,"Novo CAGED"
"2020-04","GO",25778,46758,"Novo CAGED"
"2020-04","MA",7102,13045,"Novo CAGED"
"2020-04","MG",65377,159589,"Novo CAGED"
"2020-04","MS",10481,18048,"Novo CAGED"
"2020-04","MT",16252,28847,"Novo CAGED"
"2020-04","PA",11589,21247,"Novo CAGED"
"2020-04","PB",3389,12334,"Novo CAGED"
"2020-04","PE",13906,40169,"Novo CAGED"
"2020-04","PI",2382,7990,"Novo CAGED"
"2020-04","PR",48312,107336,"Novo CAGED"
"2020-04","RJ",36190,120877,"Novo CAGED"
"2020-04","RN",4531,13417,"Novo CAGED"
"2020-04","RO",3590,8669,"Novo CAGED"
"2020-04","RR",967,2073,"Novo CAGED"
"2020-04","RS",36238,114687,"Novo CAGED"
"2020-04","SC",33904,109892,"Novo CAGED"
"2020-04","SE",2231,7370,"Novo CAGED"
"2020-04","SP",215043,484553,"Novo CAGED"
"2020-04","TO",2862,5595,"Novo CAGED"
"2020-05","AC",1572,1460,"Novo CAGED"
"2020-05","AL",5079,7573,"Novo CAGED"
"2020-05","AM",5663,10584,"Novo CAGED"
"2020-05","AP",829,1092,"Novo CAGED"
"2020-05","BA",26009,43848,"Novo CAGED"
"2020-05","CE",14503,24332,"Novo CAGED"
"2020-05","DF",12090,17793,"Novo CAGED"
"2020-05","ES",17066,22845,"Novo CAGED"
"2020-05","GO",29323,34299,"Novo CAGED"
"2020-05","MA",9473,10703,"Novo CAGED"
"2020-05","MG",86693,120637,"Novo CAGED"
"2020-05","MS",12024,14094,"Novo CAGED"
"2020-05","MT",23146,24271,"Novo CAGED"
"2020-05","PA",14032,16958,"Novo CAGED"
"2020-05","PB",4605,8251,"Novo CAGED"
"2020-05","PE",17310,24709,"Novo CAGED"
"2020-05","PI",3012,6449,"Novo CAGED"
"2020-05","PR",57246,82944,"Novo CAGED"
"2020-05","RJ",41611,78686,"Novo CAGED"
"2020-05","RN",6343,9710,"Novo CAGED"
"2020-05","RO",5259,6493,"Novo CAGED"
"2020-05","RR",1106,1482,"Novo CAGED"
"2020-05","RS",44143,78641,"Novo CAGED"
"2020-05","SC",46819,70893,"Novo CAGED"
"2020-05","SE",2640,6308,"Novo CAGED"
"2020-05","SP",213203,330479,"Novo CAGED"
"2020-05","TO",3825,5087,"Novo CAGED"
"2020-06","AC",1693,1506,"Novo CAGED"
"2020-06","AL",5700,4879,"Novo CAGED"
"2020-06","AM",7947,8349,"Novo CAGED"
"2020-06","AP",1045,1056,"Novo CAGED"
"2020-06","BA",30998,33868,"Novo CAGED"
"2020-06","CE",18794,20597,"Novo CAGED"
"2020-06","DF",15497,18470,"Novo CAGED"
"2020-06","ES",18573,19696,"Novo CAGED"
"2020-06","GO",37090,32635,"Novo CAGED"
"2020-06","MA",12115,8346,"Novo CAGED"
"2020-06","MG",108199,103028,"Novo CAGED"
"2020-06","MS",14894,13386,"Novo CAGED"
"2020-06","MT",30014,22475,"Novo CAGED"
"2020-06","PA",20510,16063,"Novo CAGED"
"2020-06","PB",5776,5727,"Novo CAGED"
"2020-06","PE",18038,21537,"Novo CAGED"
"2020-06","PI",5425,4846,"Novo CAGED"
"2020-06","PR",74678,73105,"Novo CAGED"
"2020-06","RJ",50231,67975,"Novo CAGED"
"2020-06","RN",9601,7906,"Novo CAGED"
"2020-06","RO",6829,5999,"Novo CAGED"
"2020-06","RR",1709,1644,"Novo CAGED"
"2020-06","RS",54490,60699,"Novo CAGED"
"2020-06","SC",60893,57537,"Novo CAGED"
"2020-06","SE",4053,4866,"Novo CAGED"
"2020-06","SP",277382,305285,"Novo CAGED"
"2020-06","TO",4966,3828,"Novo CAGED"
"2020-07","AC",2020,1600,"Novo CAGED"
"2020-07","AL",7377,5718,"Novo CAGED"
"2020-07","AM",12863,9460,"Novo CAGED"
"2020-07","AP",1590,1664,"Novo CAGED"
"2020-07","BA",37528,33358,"Novo CAGED"
"2020-07","CE",27111,20155,"Novo CAGED"
"2020-07","DF",19568,18227,"Novo CAGED"
"2020-07","ES",21964,20047,"Novo CAGED"
"2020-07","GO",40277,34018,"Novo CAGED"
"2020-07","MA",14455,9083,"Novo CAGED"
"2020-07","MG",126173,105592,"Novo CAGED"
"2020-07","MS",17713,14451,"Novo CAGED"
"2020-07","MT",31349,24794,"Novo CAGED"
"2020-07","PA",25648,17147,"Novo CAGED"
"2020-07","PB",9060,6980,"Novo CAGED"
"2020-07","PE",28349,22608,"Novo CAGED"
"2020-07","PI",5913,4352,"Novo CAGED"
"2020-07","PR",83579,73490,"Novo CAGED"
"2020-07","RJ",62900,68157,"Novo CAGED"
"2020-07","RN",10187,8829,"Novo CAGED"
"2020-07","RO",8352,6918,"Novo CAGED"
"2020-07","RR",1682,1479,"Novo CAGED"
"2020-07","RS",62229,59827,"Novo CAGED"
"2020-07","SC",73172,61728,"Novo CAGED"
"2020-07","SE",4496,5284,"Novo CAGED"
"2020-07","SP",308866,289757,"Novo CAGED"
"2020-07","TO",5848,4103,"Novo CAGED"
"2020-08","AC",2614,1718,"Novo CAGED"
"2020-08","AL",9806,5956,"Novo CAGED"
"2020-08","AM",15973,8787,"Novo CAGED"
"2020-08","AP",1821,1398,"Novo CAGED"
"2020-08","BA",45140,35979,"Novo CAGED"
"2020-08","CE",34352,21852,"Novo CAGED"
"2020-08","DF",21510,18214,"Novo CAGED"
"2020-08","ES",25284,19792,"Novo CAGED"
"2020-08","GO",44291,36596,"Novo CAGED"
"2020-08","MA",15837,9802,"Novo CAGED"
"2020-08","MG",141143,113955,"Novo CAGED"
"2020-08","MS",17349,14880,"Novo CAGED"
"2020-08","MT",30900,26966,"Novo CAGED"
"2020-08","PA",27671,17948,"Novo CAGED"
"2020-08","PB",16862,6745,"Novo CAGED"
"2020-08","PE",38056,25408,"Novo CAGED"
"2020-08","PI",7269,4790,"Novo CAGED"
"2020-08","PR",98716,82230,"Novo CAGED"
"2020-08","RJ",75683,75007,"Novo CAGED"
"2020-08","RN",14632,8686,"Novo CAGED"
"2020-08","RO",8553,6916,"Novo CAGED"
"2020-08","RR",2186,1434,"Novo CAGED"
"2020-08","RS",73800,66858,"Novo CAGED"
"2020-08","SC",87063,69384,"Novo CAGED"
"2020-08","SE",5268,4902,"Novo CAGED"
"2020-08","SP",379516,318435,"Novo CAGED"
"2020-08","TO",6148,4069,"Novo CAGED"
"2020-09","AC",2308,1735,"Novo CAGED"
"2020-09","AL",22879,6228,"Novo CAGED"
"2020-09","AM",15919,10066,"Novo CAGED"
"2020-09","AP",1797,1324,"Novo CAGED"
"2020-09","BA",52410,35580,"Novo CAGED"
"2020-09","CE",37177,24276,"Novo CAGED"
"2020-09","DF",21112,18695,"Novo CAGED"
"2020-09","ES",28017,21235,"Novo CAGED"
"2020-09","GO",47474,39631,"Novo CAGED"
"2020-09","MA",15693,10436,"Novo CAGED"
"2020-09","MG",156938,121986,"Novo CAGED"
"2020-09","MS",18978,16013,"Novo CAGED"
"2020-09","MT",34807,28842,"Novo CAGED"
"2020-09","PA",29412,19635,"Novo CAGED"
"2020-09","PB",13430,11291,"Novo CAGED"
"2020-09","PE",47515,24676,"Novo CAGED"
"2020-09","PI",8078,5421,"Novo CAGED"
"2020-09","PR",109406,89695,"Novo CAGED"
"2020-09","RJ",82842,73004,"Novo CAGED"
"2020-09","RN",14088,9599,"Novo CAGED"
"2020-09","RO",9012,7499,"Novo CAGED"
"2020-09","RR",2565,1463,"Novo CAGED"
"2020-09","RS",86955,71285,"Novo CAGED"
"2020-09","SC",100228,75587,"Novo CAGED"
"2020-09","SE",8899,5397,"Novo CAGED"
"2020-09","SP",420880,347140,"Novo CAGED"
"2020-09","TO",6801,4912,"Novo CAGED"
"2020-10","AC",2645,1848,"Novo CAGED"
"2020-10","AL",10958,6242,"Novo CAGED"
"2020-10","AM",16336,10594,"Novo CAGED"
"2020-10","AP",2096,1290,"Novo CAGED"
"2020-10","BA",56248,39818,"Novo CAGED"
"2020-10","CE",43310,26536,"Novo CAGED"
"2020-10","DF",24057,19450,"Novo CAGED"
"2020-10","ES",31982,22830,"Novo CAGED"
"2020-10","GO",52452,44011,"Novo CAGED"
"2020-10","MA",17142,10930,"Novo CAGED"
"2020-10","MG",169733,130432,"Novo CAGED"
"2020-10","MS",21789,17008,"Novo CAGED"
"2020-10","MT",36402,29278,"Novo CAGED"
"2020-10","PA",30768,20973,"Novo CAGED"
"2020-10","PB",13236,11793,"Novo CAGED"
"2020-10","PE",40709,27294,"Novo CAGED"
"2020-10","PI",9304,5537,"Novo CAGED"
"2020-10","PR",127836,95095,"Novo CAGED"
"2020-10","RJ",96356,80098,"Novo CAGED"
"2020-10","RN",14070,9300,"Novo CAGED"
"2020-10","RO",9175,7639,"Novo CAGED"
"2020-10","RR",2710,1999,"Novo CAGED"
"2020-10","RS",103977,77205,"Novo CAGED"
"2020-10","SC",118014,85409,"Novo CAGED"
"2020-10","SE",9021,5269,"Novo CAGED"
"2020-10","SP",492747,378758,"Novo CAGED"
"2020-10","TO",6776,5143,"Novo CAGED"
"2020-11","AC",2412,1618,"Novo CAGED"
"2020-11","AL",9578,5847,"Novo CAGED"
"2020-11","AM",15686,10240,"Novo CAGED"
"2020-11","AP",1334,1089,"Novo CAGED"
"2020-11","BA",55100,41079,"Novo CAGED"
"2020-11","CE",40033,23478,"Novo CAGED"
"2020-11","DF",23406,19213,"Novo CAGED"
"2020-11","ES",32994,21865,"Novo CAGED"
"2020-11","GO",50791,45670,"Novo CAGED"
"2020-11","MA",15422,11002,"Novo CAGED"
"2020-11","MG",161153,128949,"Novo CAGED"
"2020-11","MS",20868,15431,"Novo CAGED"
"2020-11","MT",32084,29841,"Novo CAGED"
"2020-11","PA",27586,21306,"Novo CAGED"
"2020-11","PB",17854,7700,"Novo CAGED"
"2020-11","PE",39571,25768,"Novo CAGED"
"2020-11","PI",9091,6109,"Novo CAGED"
"2020-11","PR",121816,92506,"Novo CAGED"
"2020-11","RJ",103659,70894,"Novo CAGED"
"2020-11","RN",14113,9353,"Novo CAGED"
"2020-11","RO",8952,7884,"Novo CAGED"
"2020-11","RR",2959,1762,"Novo CAGED"
"2020-11","RS",105468,76028,"Novo CAGED"
"2020-11","SC",112160,79422,"Novo CAGED"
"2020-11","SE",7449,4735,"Novo CAGED"
"2020-11","SP",504985,368760,"Novo CAGED"
"2020-11","TO",6478,5340,"Novo CAGED"
"2020-12","AC",1785,1837,"Novo CAGED"
"2020-12","AL",8317,6785,"Novo CAGED"
"2020-12","AM",11565,13081,"Novo CAGED"
"2020-12","AP",1871,1591,"Novo CAGED"
"2020-12","BA",49854,49939,"Novo CAGED"
"2020-12","CE",30101,26378,"Novo CAGED"
"2020-12","DF",20450,21408,"Novo CAGED"
"2020-12","ES",27580,29469,"Novo CAGED"
"2020-12","GO",44043,45247,"Novo CAGED"
"2020-12","MA",11171,14188,"Novo CAGED"
"2020-12","MG",133567,139592,"Novo CAGED"
"2020-12","MS",15860,18444,"Novo CAGED"
"2020-12","MT",27169,31211,"Novo CAGED"
"2020-12","PA",20587,26184,"Novo CAGED"
"2020-12","PB",10595,9385,"Novo CAGED"
"2020-12","PE",32014,34447,"Novo CAGED"
"2020-12","PI",6521,6731,"Novo CAGED"
"2020-12","PR",93294,102479,"Novo CAGED"
"2020-12","RJ",94435,88349,"Novo CAGED"
"2020-12","RN",11137,12083,"Novo CAGED"
"2020-12","RO",7387,7100,"Novo CAGED"
"2020-12","RR",2350,2007,"Novo CAGED"
"2020-12","RS",84777,86021,"Novo CAGED"
"2020-12","SC",85304,98382,"Novo CAGED"
"2020-12","SE",6461,5851,"Novo CAGED"
"2020-12","SP",404741,444812,"Novo CAGED"
"2020-12","TO",5252,5142,"Novo CAGED"
"2021-01","AC",2485,1990,"Novo CAGED"
"2021-01","AL",9443,9613,"Novo CAGED"
"2021-01","AM",13712,11819,"Novo CAGED"
"2021-01","AP",1803,1771,"Novo CAGED"
"2021-01","BA",58816,43369,"Novo CAGED"
"2021-01","CE",39468,31415,"Novo CAGED"
"2021-01","DF",24485,20664,"Novo CAGED"
"2021-01","ES",30799,25607,"Novo CAGED"
"2021-01","GO",59075,42193,"Novo CAGED"
"2021-01","MA",15332,15163,"Novo CAGED"
"2021-01","MG",164006,138471,"Novo CAGED"
"2021-01","MS",20990,17117,"Novo CAGED"
"2021-01","MT",44806,29155,"Novo CAGED"
"2021-01","PA",26248,23940,"Novo CAGED"
"2021-01","PB",11989,12282,"Novo CAGED"
"2021-01","PE",36319,34972,"Novo CAGED"
"2021-01","PI",8938,7285,"Novo CAGED"
"2021-01","PR",123870,99410,"Novo CAGED"
"2021-01","RJ",92095,92786,"Novo CAGED"
"2021-01","RN",14447,12207,"Novo CAGED"
"2021-01","RO",8796,8236,"Novo CAGED"
"2021-01","RR",2548,2093,"Novo CAGED"
"2021-01","RS",114777,85390,"Novo CAGED"
"2021-01","SC",126150,93497,"Novo CAGED"
"2021-01","SE",7400,6925,"Novo CAGED"
"2021-01","SP",472265,414192,"Novo CAGED"
"2021-01","TO",7050,5458,"Novo CAGED"
"2021-02","AC",3101,2032,"Novo CAGED"
"2021-02","AL",9104,9629,"Novo CAGED"
"2021-02","AM",10526,11262,"Novo CAGED"
"2021-02","AP",2005,1709,"Novo CAGED"
"2021-02","BA",63353,43558,"Novo CAGED"
"2021-02","CE",43549,31040,"Novo CAGED"
"2021-02","DF",25299,21928,"Novo CAGED"
"2021-02","ES",33407,26012,"Novo CAGED"
"2021-02","GO",61991,42431,"Novo CAGED"
"2021-02","MA",16464,12857,"Novo CAGED"
"2021-02","MG",191767,137618,"Novo CAGED"
"2021-02","MS",25484,17663,"Novo CAGED"
"2021-02","MT",44300,30767,"Novo CAGED"
"2021-02","PA",29732,22561,"Novo CAGED"
"2021-02","PB",13422,13670,"Novo CAGED"
"2021-02","PE",40304,38194,"Novo CAGED"
"2021-02","PI",10355,7433,"Novo CAGED"
"2021-02","PR",149231,107779,"Novo CAGED"
"2021-02","RJ",98581,82771,"Novo CAGED"
"2021-02","RN",14639,12793,"Novo CAGED"
"2021-02","RO",9960,8107,"Novo CAGED"
"2021-02","RR",2397,2025,"Novo CAGED"
"2021-02","RS",121692,91927,"Novo CAGED"
"2021-02","SC",134648,100635,"Novo CAGED"
"2021-02","SE",7590,7379,"Novo CAGED"
"2021-02","SP",533111,421314,"Novo CAGED"
"2021-02","TO",8251,5320,"Novo CAGED"
"2021-03","AC",2551,2278,"Novo CAGED"
"2021-03","AL",9993,18386,"Novo CAGED"
"2021-03","AM",14895,13128,"Novo CAGED"
"2021-03","AP",1992,1737,"Novo CAGED"
"2021-03","BA",60544,49983,"Novo CAGED"
"2021-03","CE",34955,36231,"Novo CAGED"
"2021-03","DF",23638,21519,"Novo CAGED"
"2021-03","ES",34742,30204,"Novo CAGED"
"2021-03","GO",54609,48237,"Novo CAGED"
"2021-03","MA",16158,12469,"Novo CAGED"
"2021-03","MG",191506,153193,"Novo CAGED"
"2021-03","MS",25470,20241,"Novo CAGED"
"2021-03","MT",38965,36681,"Novo CAGED"
"2021-03","PA",29846,25382,"Novo CAGED"
"2021-03","PB",13130,11153,"Novo CAGED"
"2021-03","PE",36967,39496,"Novo CAGED"
"2021-03","PI",8449,7018,"Novo CAGED"
"2021-03","PR",129341,118763,"Novo CAGED"
"2021-03","RJ",105567,92785,"Novo CAGED"
"2021-03","RN",15436,13360,"Novo CAGED"
"2021-03","RO",9274,8679,"Novo CAGED"
"2021-03","RR",2529,2211,"Novo CAGED"
"2021-03","RS",116500,99967,"Novo CAGED"
"2021-03","SC",127046,106484,"Novo CAGED"
"2021-03","SE",7674,9150,"Novo CAGED"
"2021-03","SP",497818,456706,"Novo CAGED"
"2021-03","TO",7304,5879,"Novo CAGED"
"2021-04","AC",2720,2149,"Novo CAGED"
"2021-04","AL",8656,11909,"Novo CAGED"
"2021-04","AM",14523,12481,"Novo CAGED"
"2021-04","AP",1422,1486,"Novo CAGED"
"2021-04","BA",55254,45303,"Novo CAGED"
"2021-04","CE",30606,27198,"Novo CAGED"
"2021-04","DF",23046,19471,"Novo CAGED"
"2021-04","ES",27453,25330,"Novo CAGED"
"2021-04","GO",56092,44778,"Novo CAGED"
"2021-04","MA",15286,12186,"Novo CAGED"
"2021-04","MG",157458,142784,"Novo CAGED"
"2021-04","MS",22637,18146,"Novo CAGED"
"2021-04","MT",34793,33130,"Novo CAGED"
"2021-04","PA",26296,21898,"Novo CAGED"
"2021-04","PB",10814,10282,"Novo CAGED"
"2021-04","PE",33752,28681,"Novo CAGED"
"2021-04","PI",8493,6416,"Novo CAGED"
"2021-04","PR",111957,102691,"Novo CAGED"
"2021-04","RJ",83110,78692,"Novo CAGED"
"2021-04","RN",12466,12563,"Novo CAGED"
"2021-04","RO",8694,7977,"Novo CAGED"
"2021-04","RR",2345,2051,"Novo CAGED"
"2021-04","RS",91492,92433,"Novo CAGED"
"2021-04","SC",104244,93874,"Novo CAGED"
"2021-04","SE",6262,6624,"Novo CAGED"
"2021-04","SP",430592,407560,"Novo CAGED"
"2021-04","TO",6781,5510,"Novo CAGED"
"2021-05","AC",3847,2233,"Novo CAGED"
"2021-05","AL",10307,7074,"Novo CAGED"
"2021-05","AM",15673,11798,"Novo CAGED"
"2021-05","AP",2125,1652,"Novo CAGED"
"2021-05","BA",59030,47912,"Novo CAGED"
"2021-05","CE",31868,27293,"Novo CAGED"
"2021-05","DF",24577,21021,"Novo CAGED"
"2021-05","ES",37781,27109,"Novo CAGED"
"2021-05","GO",59203,46255,"Novo CAGED"
"2021-05","MA",15803,12102,"Novo CAGED"
"2021-05","MG",177042,140461,"Novo CAGED"
"2021-05","MS",23465,18519,"Novo CAGED"
"2021-05","MT",40060,31887,"Novo CAGED"
"2021-05","PA",32712,23740,"Novo CAGED"
"2021-05","PB",12283,9301,"Novo CAGED"
"2021-05","PE",36428,28178,"Novo CAGED"
"2021-05","PI",9450,6031,"Novo CAGED"
"2021-05","PR",120639,104272,"Novo CAGED"
"2021-05","RJ",98169,80401,"Novo CAGED"
"2021-05","RN",12928,10757,"Novo CAGED"
"2021-05","RO",10437,8985,"Novo CAGED"
"2021-05","RR",2509,2228,"Novo CAGED"
"2021-05","RS",98191,91269,"Novo CAGED"
"2021-05","SC",109378,96050,"Novo CAGED"
"2021-05","SE",6582,6057,"Novo CAGED"
"2021-05","SP",489176,404933,"Novo CAGED"
"2021-05","TO",7655,5907,"Novo CAGED"
"2021-06","AC",3196,2169,"Novo CAGED"
"2021-06","AL",11828,6841,"Novo CAGED"
"2021-06","AM",17683,12238,"Novo CAGED"
"2021-06","AP",2111,1730,"Novo CAGED"
"2021-06","BA",56833,48303,"Novo CAGED"
"2021-06","CE",38319,28390,"Novo CAGED"
"2021-06","DF",27406,22656,"Novo CAGED"
"2021-06","ES",34708,29998,"Novo CAGED"
"2021-06","GO",62773,46284,"Novo CAGED"
"2021-06","MA",18986,11943,"Novo CAGED"
"2021-06","MG",184238,145004,"Novo CAGED"
"2021-06","MS",22343,18147,"Novo CAGED"
"2021-06","MT",47040,32775,"Novo CAGED"
"2021-06","PA",35166,24807,"Novo CAGED"
"2021-06","PB",12123,8733,"Novo CAGED"
"2021-06","PE",35606,28679,"Novo CAGED"
"2021-06","PI",11712,6605,"Novo CAGED"
"2021-06","PR",119610,103634,"Novo CAGED"
"2021-06","RJ",97997,81943,"Novo CAGED"
"2021-06","RN",15101,10219,"Novo CAGED"
"2021-06","RO",12096,9121,"Novo CAGED"
"2021-06","RR",2872,2089,"Novo CAGED"
"2021-06","RS",100774,89245,"Novo CAGED"
"2021-06","SC",111948,96396,"Novo CAGED"
"2021-06","SE",7080,5968,"Novo CAGED"
"2021-06","SP",500775,412239,"Novo CAGED"
"2021-06","TO",7976,6011,"Novo CAGED"
"2021-07","AC",3485,2613,"Novo CAGED"
"2021-07","AL",12073,7979,"Novo CAGED"
"2021-07","AM",20979,13482,"Novo CAGED"
"2021-07","AP",2579,1736,"Novo CAGED"
"2021-07","BA",59316,48361,"Novo CAGED"
"2021-07","CE",43355,29677,"Novo CAGED"
"2021-07","DF",29292,21558,"Novo CAGED"
"2021-07","ES",33856,31362,"Novo CAGED"
"2021-07","GO",63143,49464,"Novo CAGED"
"2021-07","MA",18427,13306,"Novo CAGED"
"2021-07","MG",191474,154415,"Novo CAGED"
"2021-07","MS",23871,19589,"Novo CAGED"
"2021-07","MT",47113,34481,"Novo CAGED"
"2021-07","PA",34543,24954,"Novo CAGED"
"2021-07","PB",14101,10654,"Novo CAGED"
"2021-07","PE",38370,29193,"Novo CAGED"
"2021-07","PI",9736,6894,"Novo CAGED"
"2021-07","PR",126176,111890,"Novo CAGED"
"2021-07","RJ",105861,86805,"Novo CAGED"
"2021-07","RN",15974,11347,"Novo CAGED"
"2021-07","RO",12378,9874,"Novo CAGED"
"2021-07","RR",2733,2369,"Novo CAGED"
"2021-07","RS",108661,93807,"Novo CAGED"
"2021-07","SC",115238,101828,"Novo CAGED"
"2021-07","SE",7204,5688,"Novo CAGED"
"2021-07","SP",507330,411095,"Novo CAGED"
"2021-07","TO",8210,6388,"Novo CAGED"
"2021-08","AC",3417,3030,"Novo CAGED"
"2021-08","AL",14350,8863,"Novo CAGED"
"2021-08","AM",20045,14145,"Novo CAGED"
"2021-08","AP",2695,1825,"Novo CAGED"
"2021-08","BA",65262,46957,"Novo CAGED"
"2021-08","CE",48557,31784,"Novo CAGED"
"2021-08","DF",31878,22524,"Novo CAGED"
"2021-08","ES",37763,32679,"Novo CAGED"
"2021-08","GO",65715,53792,"Novo CAGED"
"2021-08","MA",18092,13417,"Novo CAGED"
"2021-08","MG",203741,162413,"Novo CAGED"
"2021-08","MS",25062,22103,"Novo CAGED"
"2021-08","MT",44636,38613,"Novo CAGED"
"2021-08","PA",37290,28116,"Novo CAGED"
"2021-08","PB",21225,10670,"Novo CAGED"
"2021-08","PE",48706,31315,"Novo CAGED"
"2021-08","PI",10610,7631,"Novo CAGED"
"2021-08","PR",141173,119017,"Novo CAGED"
"2021-08","RJ",116007,92812,"Novo CAGED"
"2021-08","RN",19220,11670,"Novo CAGED"
"2021-08","RO",12578,10292,"Novo CAGED"
"2021-08","RR",3215,2614,"Novo CAGED"
"2021-08","RS",111797,99394,"Novo CAGED"
"2021-08","SC",127015,106644,"Novo CAGED"
"2021-08","SE",8475,6727,"Novo CAGED"
"2021-08","SP",562480,449577,"Novo CAGED"
"2021-08","TO",8781,7262,"Novo CAGED"
"2021-09","AC",4311,3194,"Novo CAGED"
"2021-09","AL",25628,8650,"Novo CAGED"
"2021-09","AM",18401,14101,"Novo CAGED"
"2021-09","AP",2608,2318,"Novo CAGED"
"2021-09","BA",63599,52121,"Novo CAGED"
"2021-09","CE",47532,33428,"Novo CAGED"
"2021-09","DF",30269,23723,"Novo CAGED"
"2021-09","ES",34612,28545,"Novo CAGED"
"2021-09","GO",64396,57487,"Novo CAGED"
"2021-09","MA",17610,14344,"Novo CAGED"
"2021-09","MG",193441,167545,"Novo CAGED"
"2021-09","MS",25533,22574,"Novo CAGED"
"2021-09","MT",45644,39726,"Novo CAGED"
"2021-09","PA",34587,26735,"Novo CAGED"
"2021-09","PB",15623,10486,"Novo CAGED"
"2021-09","PE",60743,33586,"Novo CAGED"
"2021-09","PI",10724,7347,"Novo CAGED"
"2021-09","PR",133946,118802,"Novo CAGED"
"2021-09","RJ",111392,90775,"Novo CAGED"
"2021-09","RN",17588,11202,"Novo CAGED"
"2021-09","RO",11845,11416,"Novo CAGED"
"2021-09","RR",3060,2508,"Novo CAGED"
"2021-09","RS",109096,94688,"Novo CAGED"
"2021-09","SC",125664,107348,"Novo CAGED"
"2021-09","SE",13898,7510,"Novo CAGED"
"2021-09","SP",548615,465040,"Novo CAGED"
"2021-09","TO",9153,7236,"Novo CAGED"
"2021-10","AC",3834,2789,"Novo CAGED"
"2021-10","AL",12520,8964,"Novo CAGED"
"2021-10","AM",17305,15206,"Novo CAGED"
"2021-10","AP",2514,2613,"Novo CAGED"
"2021-10","BA",67157,54565,"Novo CAGED"
"2021-10","CE",43860,35898,"Novo CAGED"
"2021-10","DF",29996,24595,"Novo CAGED"
"2021-10","ES",34406,31071,"Novo CAGED"
"2021-10","GO",64469,60828,"Novo CAGED"
"2021-10","MA",18679,13491,"Novo CAGED"
"2021-10","MG",191256,172139,"Novo CAGED"
"2021-10","MS",25631,22224,"Novo CAGED"
"2021-10","MT",43380,39638,"Novo CAGED"
"2021-10","PA",35661,32851,"Novo CAGED"
"2021-10","PB",14890,10612,"Novo CAGED"
"2021-10","PE",45377,33821,"Novo CAGED"
"2021-10","PI",10100,8562,"Novo CAGED"
"2021-10","PR",132339,116470,"Novo CAGED"
"2021-10","RJ",111991,92453,"Novo CAGED"
"2021-10","RN",16028,12143,"Novo CAGED"
"2021-10","RO",11746,10892,"Novo CAGED"
"2021-10","RR",3189,2713,"Novo CAGED"
"2021-10","RS",116194,95882,"Novo CAGED"
"2021-10","SC",122177,104094,"Novo CAGED"
"2021-10","SE",9122,6800,"Novo CAGED"
"2021-10","SP",557442,478672,"Novo CAGED"
"2021-10","TO",8985,7191,"Novo CAGED"
"2021-11","AC",3577,2612,"Novo CAGED"
"2021-11","AL",12200,8473,"Novo CAGED"
"2021-11","AM",17848,13061,"Novo CAGED"
"2021-11","AP",3013,2041,"Novo CAGED"
"2021-11","BA",67422,51432,"Novo CAGED"
"2021-11","CE",43190,30597,"Novo CAGED"
"2021-11","DF",31796,23894,"Novo CAGED"
"2021-11","ES",35989,27494,"Novo CAGED"
"2021-11","GO",63052,60222,"Novo CAGED"
"2021-11","MA",17321,14475,"Novo CAGED"
"2021-11","MG",189427,166549,"Novo CAGED"
"2021-11","MS",24863,22813,"Novo CAGED"
"2021-11","MT",39962,38546,"Novo CAGED"
"2021-11","PA",32354,26301,"Novo CAGED"
"2021-11","PB",14461,10063,"Novo CAGED"
"2021-11","PE",45556,34531,"Novo CAGED"
"2021-11","PI",9545,7929,"Novo CAGED"
"2021-11","PR",132790,115284,"Novo CAGED"
"2021-11","RJ",123398,87864,"Novo CAGED"
"2021-11","RN",15108,11899,"Novo CAGED"
"2021-11","RO",11796,10292,"Novo CAGED"
"2021-11","RR",3486,3064,"Novo CAGED"
"2021-11","RS",114288,95515,"Novo CAGED"
"2021-11","SC",117444,99390,"Novo CAGED"
"2021-11","SE",8464,6636,"Novo CAGED"
"2021-11","SP",576655,459568,"Novo CAGED"
"2021-11","TO",8709,7433,"Novo CAGED"
"2021-12","AC",2633,2880,"Novo CAGED"
"2021-12","AL",10231,9609,"Novo CAGED"
"2021-12","AM",13456,16611,"Novo CAGED"
"2021-12","AP",2209,2534,"Novo CAGED"
"2021-12","BA",57636,63271,"Novo CAGED"
"2021-12","CE",33542,35029,"Novo CAGED"
"2021-12","DF",26850,30051,"Novo CAGED"
"2021-12","ES",30580,35560,"Novo CAGED"
"2021-12","GO",54144,61604,"Novo CAGED"
"2021-12","MA",15163,16250,"Novo CAGED"
"2021-12","MG",155121,180365,"Novo CAGED"
"2021-12","MS",19788,24582,"Novo CAGED"
"2021-12","MT",33526,41480,"Novo CAGED"
"2021-12","PA",25509,32731,"Novo CAGED"
"2021-12","PB",12751,12973,"Novo CAGED"
"2021-12","PE",35249,41400,"Novo CAGED"
"2021-12","PI",7765,9661,"Novo CAGED"
"2021-12","PR",106496,130975,"Novo CAGED"
"2021-12","RJ",107666,112401,"Novo CAGED"
"2021-12","RN",12710,13732,"Novo CAGED"
"2021-12","RO",9900,10916,"Novo CAGED"
"2021-12","RR",2865,2954,"Novo CAGED"
"2021-12","RS",90962,108994,"Novo CAGED"
"2021-12","SC",88735,126088,"Novo CAGED"
"2021-12","SE",7621,8209,"Novo CAGED"
"2021-12","SP",460024,553398,"Novo CAGED"
"2021-12","TO",6625,8357,"Novo CAGED"
"2022-01","AC",3356,3128,"Novo CAGED"
"2022-01","AL",11448,11731,"Novo CAGED"
"2022-01","AM",17884,17259,"Novo CAGED"
"2022-01","AP",2868,2404,"Novo CAGED"
"2022-01","BA",67117,55790,"Novo CAGED"
"2022-01","CE",40679,42183,"Novo CAGED"
"2022-01","DF",31723,28631,"Novo CAGED"
"2022-01","ES",36563,32889,"Novo CAGED"
"2022-01","GO",72051,59276,"Novo CAGED"
"2022-01","MA",18164,17467,"Novo CAGED"
"2022-01","MG",179519,180726,"Novo CAGED"
"2022-01","MS",28508,24801,"Novo CAGED"
"2022-01","MT",55012,39189,"Novo CAGED"
"2022-01","PA",31998,32778,"Novo CAGED"
"2022-01","PB",14237,15472,"Novo CAGED"
"2022-01","PE",41620,41153,"Novo CAGED"
"2022-01","PI",9416,9946,"Novo CAGED"
"2022-01","PR",141636,123224,"Novo CAGED"
"2022-01","RJ",108812,107155,"Novo CAGED"
"2022-01","RN",14176,16784,"Novo CAGED"
"2022-01","RO",12053,11289,"Novo CAGED"
"2022-01","RR",3486,3142,"Novo CAGED"
"2022-01","RS",119623,102003,"Novo CAGED"
"2022-01","SC",137559,114247,"Novo CAGED"
"2022-01","SE",8323,9574,"Novo CAGED"
"2022-01","SP",547933,503362,"Novo CAGED"
"2022-01","TO",9101,8229,"Novo CAGED"
"2022-02","AC",4025,3312,"Novo CAGED"
"2022-02","AL",12526,13059,"Novo CAGED"
"2022-02","AM",18819,15600,"Novo CAGED"
"2022-02","AP",2764,2609,"Novo CAGED"
"2022-02","BA",73197,60584,"Novo CAGED"
"2022-02","CE",46076,38023,"Novo CAGED"
"2022-02","DF",35872,28672,"Novo CAGED"
"2022-02","ES",41628,34549,"Novo CAGED"
"2022-02","GO",76911,59232,"Novo CAGED"
"2022-02","MA",19824,16300,"Novo CAGED"
"2022-02","MG",221380,184184,"Novo CAGED"
"2022-02","MS",32349,24924,"Novo CAGED"
"2022-02","MT",50363,41832,"Novo CAGED"
"2022-02","PA",32352,29075,"Novo CAGED"
"2022-02","PB",15065,16602,"Novo CAGED"
"2022-02","PE",43524,42990,"Novo CAGED"
"2022-02","PI",10741,8947,"Novo CAGED"
"2022-02","PR",170495,142106,"Novo CAGED"
"2022-02","RJ",127259,106831,"Novo CAGED"
"2022-02","RN",15419,13830,"Novo CAGED"
"2022-02","RO",14085,11357,"Novo CAGED"
"2022-02","RR",3891,2833,"Novo CAGED"
"2022-02","RS",137953,111745,"Novo CAGED"
"2022-02","SC",149487,120881,"Novo CAGED"
"2022-02","SE",9926,8206,"Novo CAGED"
"2022-02","SP",626081,527888,"Novo CAGED"
"2022-02","TO",9684,7957,"Novo CAGED"
"2022-03","AC",4161,3395,"Novo CAGED"
"2022-03","AL",11801,21880,"Novo CAGED"
"2022-03","AM",18079,16406,"Novo CAGED"
"2022-03","AP",3844,2619,"Novo CAGED"
"2022-03","BA",74220,66268,"Novo CAGED"
"2022-03","CE",44540,41154,"Novo CAGED"
"2022-03","DF",33701,29123,"Novo CAGED"
"2022-03","ES",38862,35915,"Novo CAGED"
"2022-03","GO",75579,67169,"Novo CAGED"
"2022-03","MA",19008,17397,"Novo CAGED"
"2022-03","MG",223144,194776,"Novo CAGED"
"2022-03","MS",34423,28423,"Novo CAGED"
"2022-03","MT",49394,48750,"Novo CAGED"
"2022-03","PA",33573,31224,"Novo CAGED"
"2022-03","PB",15100,14228,"Novo CAGED"
"2022-03","PE",42884,49134,"Novo CAGED"
"2022-03","PI",10361,9513,"Novo CAGED"
"2022-03","PR",157073,148437,"Novo CAGED"
"2022-03","RJ",124153,112743,"Novo CAGED"
"2022-03","RN",14530,15591,"Novo CAGED"
"2022-03","RO",13631,12166,"Novo CAGED"
"2022-03","RR",3587,3200,"Novo CAGED"
"2022-03","RS",137779,124316,"Novo CAGED"
"2022-03","SC",139011,127856,"Novo CAGED"
"2022-03","SE",9049,11576,"Novo CAGED"
"2022-03","SP",601341,562076,"Novo CAGED"
"2022-03","TO",10155,8630,"Novo CAGED"
"2022-04","AC",3986,3186,"Novo CAGED"
"2022-04","AL",13071,13305,"Novo CAGED"
"2022-04","AM",19220,15520,"Novo CAGED"
"2022-04","AP",3110,2355,"Novo CAGED"
"2022-04","BA",74882,58975,"Novo CAGED"
"2022-04","CE",40931,35618,"Novo CAGED"
"2022-04","DF",32349,26863,"Novo CAGED"
"2022-04","ES",39260,33833,"Novo CAGED"
"2022-04","GO",77674,64360,"Novo CAGED"
"2022-04","MA",20212,16800,"Novo CAGED"
"2022-04","MG",205998,185103,"Novo CAGED"
"2022-04","MS",29564,26904,"Novo CAGED"
"2022-04","MT",47676,43338,"Novo CAGED"
"2022-04","PA",33167,28641,"Novo CAGED"
"2022-04","PB",15655,13243,"Novo CAGED"
"2022-04","PE",40300,41180,"Novo CAGED"
"2022-04","PI",10590,9576,"Novo CAGED"
"2022-04","PR",138815,129717,"Novo CAGED"
"2022-04","RJ",130823,108350,"Novo CAGED"
"2022-04","RN",15784,14162,"Novo CAGED"
"2022-04","RO",12451,11130,"Novo CAGED"
"2022-04","RR",4056,3616,"Novo CAGED"
"2022-04","RS",116922,108358,"Novo CAGED"
"2022-04","SC",118660,111479,"Novo CAGED"
"2022-04","SE",9138,7453,"Novo CAGED"
"2022-04","SP",581883,525031,"Novo CAGED"
"2022-04","TO",8995,8394,"Novo CAGED"
"2022-05","AC",4830,3923,"Novo CAGED"
"2022-05","AL",15011,11583,"Novo CAGED"
"2022-05","AM",19830,15655,"Novo CAGED"
"2022-05","AP",3308,2978,"Novo CAGED"
"2022-05","BA",77684,60633,"Novo CAGED"
"2022-05","CE",45434,37962,"Novo CAGED"
"2022-05","DF",34095,29638,"Novo CAGED"
"2022-05","ES",49503,36237,"Novo CAGED"
"2022-05","GO",78989,63935,"Novo CAGED"
"2022-05","MA",22121,17157,"Novo CAGED"
"2022-05","MG",221287,190688,"Novo CAGED"
"2022-05","MS",32622,25843,"Novo CAGED"
"2022-05","MT",52059,43503,"Novo CAGED"
"2022-05","PA",36110,29566,"Novo CAGED"
"2022-05","PB",15839,12686,"Novo CAGED"
"2022-05","PE",44599,38101,"Novo CAGED"
"2022-05","PI",11859,9163,"Novo CAGED"
"2022-05","PR",147924,133844,"Novo CAGED"
"2022-05","RJ",129361,108936,"Novo CAGED"
"2022-05","RN",17338,13770,"Novo CAGED"
"2022-05","RO",13379,11306,"Novo CAGED"
"2022-05","RR",3623,3170,"Novo CAGED"
"2022-05","RS",116524,112350,"Novo CAGED"
"2022-05","SC",125871,118437,"Novo CAGED"
"2022-05","SE",9056,8174,"Novo CAGED"
"2022-05","SP",610167,526128,"Novo CAGED"
"2022-05","TO",10171,8222,"Novo CAGED"
"2022-06","AC",4780,3596,"Novo CAGED"
"2022-06","AL",13429,9925,"Novo CAGED"
"2022-06","AM",21042,15805,"Novo CAGED"
"2022-06","AP",3807,2941,"Novo CAGED"
"2022-06","BA",70096,56737,"Novo CAGED"
"2022-06","CE",46233,36636,"Novo CAGED"
"2022-06","DF",33269,28928,"Novo CAGED"
"2022-06","ES",39380,37062,"Novo CAGED"
"2022-06","GO",77677,65320,"Novo CAGED"
"2022-06","MA",23248,16515,"Novo CAGED"
"2022-06","MG",215537,182165,"Novo CAGED"
"2022-06","MS",30247,25929,"Novo CAGED"
"2022-06","MT",55291,41285,"Novo CAGED"
"2022-06","PA",38300,28466,"Novo CAGED"
"2022-06","PB",15816,12183,"Novo CAGED"
"2022-06","PE",43326,36192,"Novo CAGED"
"2022-06","PI",12862,8668,"Novo CAGED"
"2022-06","PR",144766,130721,"Novo CAGED"
"2022-06","RJ",126214,103182,"Novo CAGED"
"2022-06","RN",16875,13146,"Novo CAGED"
"2022-06","RO",13606,11107,"Novo CAGED"
"2022-06","RR",3638,3100,"Novo CAGED"
"2022-06","RS",112958,105065,"Novo CAGED"
"2022-06","SC",119618,109954,"Novo CAGED"
"2022-06","SE",8554,7718,"Novo CAGED"
"2022-06","SP",585745,510724,"Novo CAGED"
"2022-06","TO",9914,8264,"Novo CAGED"
"2022-07","AC",4896,3870,"Novo CAGED"
"2022-07","AL",12602,10684,"Novo CAGED"
"2022-07","AM",21793,18171,"Novo CAGED"
"2022-07","AP",3546,2783,"Novo CAGED"
"2022-07","BA",73743,60632,"Novo CAGED"
"2022-07","CE",48261,38164,"Novo CAGED"
"2022-07","DF",34215,29999,"Novo CAGED"
"2022-07","ES",37051,37565,"Novo CAGED"
"2022-07","GO",73512,64440,"Novo CAGED"
"2022-07","MA",22862,17554,"Novo CAGED"
"2022-07","MG",209375,189835,"Novo CAGED"
"2022-07","MS",31259,27287,"Novo CAGED"
"2022-07","MT",52481,44442,"Novo CAGED"
"2022-07","PA",36012,29979,"Novo CAGED"
"2022-07","PB",17315,13171,"Novo CAGED"
"2022-07","PE",49206,40122,"Novo CAGED"
"2022-07","PI",11198,9168,"Novo CAGED"
"2022-07","PR",148847,132797,"Novo CAGED"
"2022-07","RJ",121134,107786,"Novo CAGED"
"2022-07","RN",17076,14560,"Novo CAGED"
"2022-07","RO",13469,11912,"Novo CAGED"
"2022-07","RR",3755,3164,"Novo CAGED"
"2022-07","RS",114957,107464,"Novo CAGED"
"2022-07","SC",116726,112133,"Novo CAGED"
"2022-07","SE",9399,8579,"Novo CAGED"
"2022-07","SP",580929,512764,"Novo CAGED"
"2022-07","TO",10516,8013,"Novo CAGED"
"2022-08","AC",4477,3612,"Novo CAGED"
"2022-08","AL",16114,11756,"Novo CAGED"
"2022-08","AM",22537,18410,"Novo CAGED"
"2022-08","AP",3926,2922,"Novo CAGED"
"2022-08","BA",81977,64892,"Novo CAGED"
"2022-08","CE",50829,42122,"Novo CAGED"
"2022-08","DF",35994,30655,"Novo CAGED"
"2022-08","ES",42474,38129,"Novo CAGED"
"2022-08","GO",78259,70670,"Novo CAGED"
"2022-08","MA",24761,19219,"Novo CAGED"
"2022-08","MG",227914,201361,"Novo CAGED"
"2022-08","MS",33107,28770,"Novo CAGED"
"2022-08","MT",52571,48515,"Novo CAGED"
"2022-08","PA",39871,32697,"Novo CAGED"
"2022-08","PB",20597,14179,"Novo CAGED"
"2022-08","PE",57555,42295,"Novo CAGED"
"2022-08","PI",11986,11126,"Novo CAGED"
"2022-08","PR",156561,141462,"Novo CAGED"
"2022-08","RJ",142801,112126,"Novo CAGED"
"2022-08","RN",21806,15139,"Novo CAGED"
"2022-08","RO",14297,12391,"Novo CAGED"
"2022-08","RR",4229,3135,"Novo CAGED"
"2022-08","RS",124211,114428,"Novo CAGED"
"2022-08","SC",129146,119045,"Novo CAGED"
"2022-08","SE",9959,8070,"Novo CAGED"
"2022-08","SP",621951,545492,"Novo CAGED"
"2022-08","TO",11261,9081,"Novo CAGED"
"2022-09","AC",3799,3038,"Novo CAGED"
"2022-09","AL",26693,11054,"Novo CAGED"
"2022-09","AM",21286,16075,"Novo CAGED"
"2022-09","AP",3578,2840,"Novo CAGED"
"2022-09","BA",74874,59274,"Novo CAGED"
"2022-09","CE",50487,38396,"Novo CAGED"
"2022-09","DF",35461,28653,"Novo CAGED"
"2022-09","ES",41062,33327,"Novo CAGED"
"2022-09","GO",74262,65885,"Novo CAGED"
"2022-09","MA",23412,16330,"Novo CAGED"
"2022-09","MG",213101,190576,"Novo CAGED"
"2022-09","MS",31079,27022,"Novo CAGED"
"2022-09","MT",50826,44494,"Novo CAGED"
"2022-09","PA",39415,31566,"Novo CAGED"
"2022-09","PB",16777,12958,"Novo CAGED"
"2022-09","PE",58782,38039,"Novo CAGED"
"2022-09","PI",12035,9254,"Novo CAGED"
"2022-09","PR",141174,128186,"Novo CAGED"
"2022-09","RJ",130363,115263,"Novo CAGED"
"2022-09","RN",18352,14120,"Novo CAGED"
"2022-09","RO",13173,11428,"Novo CAGED"
"2022-09","RR",3901,2814,"Novo CAGED"
"2022-09","RS",113502,103162,"Novo CAGED"
"2022-09","SC",123759,108735,"Novo CAGED"
"2022-09","SE",13139,7861,"Novo CAGED"
"2022-09","SP",571492,509248,"Novo CAGED"
"2022-09","TO",10549,8530,"Novo CAGED"
"2022-10","AC",3850,3175,"Novo CAGED"
"2022-10","AL",15410,11046,"Novo CAGED"
"2022-10","AM",19796,16314,"Novo CAGED"
"2022-10","AP",3248,3747,"Novo CAGED"
"2022-10","BA",70303,63572,"Novo CAGED"
"2022-10","CE",44194,39184,"Novo CAGED"
"2022-10","DF",33231,28431,"Novo CAGED"
"2022-10","ES",37514,34342,"Novo CAGED"
"2022-10","GO",68868,67922,"Novo CAGED"
"2022-10","MA",20068,16941,"Novo CAGED"
"2022-10","MG",193513,186184,"Novo CAGED"
"2022-10","MS",27087,25430,"Novo CAGED"
"2022-10","MT",46136,45327,"Novo CAGED"
"2022-10","PA",34876,33425,"Novo CAGED"
"2022-10","PB",14282,13037,"Novo CAGED"
"2022-10","PE",46596,38300,"Novo CAGED"
"2022-10","PI",10184,9265,"Novo CAGED"
"2022-10","PR",136092,125656,"Novo CAGED"
"2022-10","RJ",113865,105273,"Novo CAGED"
"2022-10","RN",15155,13202,"Novo CAGED"
"2022-10","RO",12086,11487,"Novo CAGED"
"2022-10","RR",3837,3328,"Novo CAGED"
"2022-10","RS",114018,100168,"Novo CAGED"
"2022-10","SC",118189,111172,"Novo CAGED"
"2022-10","SE",9012,8029,"Novo CAGED"
"2022-10","SP",559351,497812,"Novo CAGED"
"2022-10","TO",9344,8306,"Novo CAGED"
"2022-11","AC",3540,3079,"Novo CAGED"
"2022-11","AL",13452,10788,"Novo CAGED"
"2022-11","AM",18926,16812,"Novo CAGED"
"2022-11","AP",3134,3265,"Novo CAGED"
"2022-11","BA",65230,60987,"Novo CAGED"
"2022-11","CE",43542,36985,"Novo CAGED"
"2022-11","DF",31818,27684,"Novo CAGED"
"2022-11","ES",36505,32804,"Novo CAGED"
"2022-11","GO",63656,66168,"Novo CAGED"
"2022-11","MA",19670,17935,"Novo CAGED"
"2022-11","MG",187486,184202,"Novo CAGED"
"2022-11","MS",27531,25899,"Novo CAGED"
"2022-11","MT",40732,45191,"Novo CAGED"
"2022-11","PA",31990,33168,"Novo CAGED"
"2022-11","PB",14754,12202,"Novo CAGED"
"2022-11","PE",45955,37702,"Novo CAGED"
"2022-11","PI",10030,10079,"Novo CAGED"
"2022-11","PR",128054,123164,"Novo CAGED"
"2022-11","RJ",125350,100174,"Novo CAGED"
"2022-11","RN",15418,13613,"Novo CAGED"
"2022-11","RO",10729,10503,"Novo CAGED"
"2022-11","RR",3842,3125,"Novo CAGED"
"2022-11","RS",111380,99745,"Novo CAGED"
"2022-11","SC",108835,104587,"Novo CAGED"
"2022-11","SE",8540,7297,"Novo CAGED"
"2022-11","SP",560433,506093,"Novo CAGED"
"2022-11","TO",9277,8469,"Novo CAGED"
"2022-12","AC",2366,3167,"Novo CAGED"
"2022-12","AL",9906,13816,"Novo CAGED"
"2022-12","AM",13300,18703,"Novo CAGED"
"2022-12","AP",2437,3416,"Novo CAGED"
"2022-12","BA",54958,71217,"Novo CAGED"
"2022-12","CE",30570,37539,"Novo CAGED"
"2022-12","DF",26494,34756,"Novo CAGED"
"2022-12","ES",30276,37359,"Novo CAGED"
"2022-12","GO",53659,65881,"Novo CAGED"
"2022-12","MA",15024,19935,"Novo CAGED"
"2022-12","MG",148079,195030,"Novo CAGED"
"2022-12","MS",21843,28587,"Novo CAGED"
"2022-12","MT",35801,44665,"Novo CAGED"
"2022-12","PA",25124,40390,"Novo CAGED"
"2022-12","PB",12063,14451,"Novo CAGED"
"2022-12","PE",34698,44093,"Novo CAGED"
"2022-12","PI",7826,11856,"Novo CAGED"
"2022-12","PR",101578,137822,"Novo CAGED"
"2022-12","RJ",107398,115622,"Novo CAGED"
"2022-12","RN",12859,15877,"Novo CAGED"
"2022-12","RO",9049,10402,"Novo CAGED"
"2022-12","RR",2811,3777,"Novo CAGED"
"2022-12","RS",86650,114577,"Novo CAGED"
"2022-12","SC",83285,122582,"Novo CAGED"
"2022-12","SE",7193,8483,"Novo CAGED"
"2022-12","SP",434325,580991,"Novo CAGED"
"2022-12","TO",6637,9170,"Novo CAGED"
"2023-01","AC",3641,4289,"Novo CAGED"
"2023-01","AL",13282,13415,"Novo CAGED"
"2023-01","AM",19391,18955,"Novo CAGED"
"2023-01","AP",3305,3239,"Novo CAGED"
"2023-01","BA",69684,66040,"Novo CAGED"
"2023-01","CE",44657,47638,"Novo CAGED"
"2023-01","DF",31903,32972,"Novo CAGED"
"2023-01","ES",39760,38125,"Novo CAGED"
"2023-01","GO",78243,67629,"Novo CAGED"
"2023-01","MA",19660,18603,"Novo CAGED"
"2023-01","MG",196282,197936,"Novo CAGED"
"2023-01","MS",33885,29096,"Novo CAGED"
"2023-01","MT",59378,44251,"Novo CAGED"
"2023-01","PA",33449,35342,"Novo CAGED"
"2023-01","PB",14528,16251,"Novo CAGED"
"2023-01","PE",45665,45338,"Novo CAGED"
"2023-01","PI",10074,9798,"Novo CAGED"
"2023-01","PR",145876,139575,"Novo CAGED"
"2023-01","RJ",117047,117605,"Novo CAGED"
"2023-01","RN",15540,15577,"Novo CAGED"
"2023-01","RO",12148,12645,"Novo CAGED"
"2023-01","RR",4643,3674,"Novo CAGED"
"2023-01","RS",121927,111538,"Novo CAGED"
"2023-01","SC",134150,118454,"Novo CAGED"
"2023-01","SE",9621,10038,"Novo CAGED"
"2023-01","SP",572994,554447,"Novo CAGED"
"2023-01","TO",9835,8737,"Novo CAGED"
"2023-02","AC",4176,3364,"Novo CAGED"
"2023-02","AL",11656,11487,"Novo CAGED"
"2023-02","AM",18240,16674,"Novo CAGED"
"2023-02","AP",2984,2835,"Novo CAGED"
"2023-02","BA",69366,61265,"Novo CAGED"
"2023-02","CE",43169,38821,"Novo CAGED"
"2023-02","DF",36792,29275,"Novo CAGED"
"2023-02","ES",39368,35802,"Novo CAGED"
"2023-02","GO",75453,63918,"Novo CAGED"
"2023-02","MA",18068,17237,"Novo CAGED"
"2023-02","MG",218271,191005,"Novo CAGED"
"2023-02","MS",34566,28641,"Novo CAGED"
"2023-02","MT",51249,46180,"Novo CAGED"
"2023-02","PA",35095,29536,"Novo CAGED"
"2023-02","PB",15000,14486,"Novo CAGED"
"2023-02","PE",47443,40682,"Novo CAGED"
"2023-02","PI",10279,9357,"Novo CAGED"
"2023-02","PR",162776,138651,"Novo CAGED"
"2023-02","RJ",126121,111491,"Novo CAGED"
"2023-02","RN",15190,14763,"Novo CAGED"
"2023-02","RO",14177,11779,"Novo CAGED"
"2023-02","RR",3917,3703,"Novo CAGED"
"2023-02","RS",133045,112906,"Novo CAGED"
"2023-02","SC",140663,120987,"Novo CAGED"
"2023-02","SE",9312,8014,"Novo CAGED"
"2023-02","SP",591842,526965,"Novo CAGED"
"2023-02","TO",10521,8607,"Novo CAGED"
"2023-03","AC",4738,4172,"Novo CAGED"
"2023-03","AL",14951,14824,"Novo CAGED"
"2023-03","AM",19634,18087,"Novo CAGED"
"2023-03","AP",3207,3248,"Novo CAGED"
"2023-03","BA",82035,72707,"Novo CAGED"
"2023-03","CE",47553,42808,"Novo CAGED"
"2023-03","DF",36276,31177,"Novo CAGED"
"2023-03","ES",46457,42009,"Novo CAGED"
"2023-03","GO",86222,72552,"Novo CAGED"
"2023-03","MA",21582,18824,"Novo CAGED"
"2023-03","MG",255643,216953,"Novo CAGED"
"2023-03","MS",37064,33396,"Novo CAGED"
"2023-03","MT",52803,52823,"Novo CAGED"
"2023-03","PA",37778,33747,"Novo CAGED"
"2023-03","PB",17226,18041,"Novo CAGED"
"2023-03","PE",46427,51692,"Novo CAGED"
"2023-03","PI",12111,10181,"Novo CAGED"
"2023-03","PR",170534,157142,"Novo CAGED"
"2023-03","RJ",143954,124527,"Novo CAGED"
"2023-03","RN",18036,18114,"Novo CAGED"
"2023-03","RO",14135,13044,"Novo CAGED"
"2023-03","RR",4765,3708,"Novo CAGED"
"2023-03","RS",149307,137130,"Novo CAGED"
"2023-03","SC",147396,135513,"Novo CAGED"
"2023-03","SE",10760,9371,"Novo CAGED"
"2023-03","SP",664639,613011,"Novo CAGED"
"2023-03","TO",11550,9728,"Novo CAGED"
"2023-04","AC",3659,3503,"Novo CAGED"
"2023-04","AL",12148,16211,"Novo CAGED"
"2023-04","AM",18497,16533,"Novo CAGED"
"2023-04","AP",2820,2426,"Novo CAGED"
"2023-04","BA",74386,63134,"Novo CAGED"
"2023-04","CE",42883,38395,"Novo CAGED"
"2023-04","DF",31807,26039,"Novo CAGED"
"2023-04","ES",40150,34361,"Novo CAGED"
"2023-04","GO",77787,65862,"Novo CAGED"
"2023-04","MA",18503,16302,"Novo CAGED"
"2023-04","MG",213902,186472,"Novo CAGED"
"2023-04","MS",32402,28770,"Novo CAGED"
"2023-04","MT",48036,44365,"Novo CAGED"
"2023-04","PA",35312,29270,"Novo CAGED"
"2023-04","PB",13960,17141,"Novo CAGED"
"2023-04","PE",42439,44864,"Novo CAGED"
"2023-04","PI",11763,9880,"Novo CAGED"
"2023-04","PR",142517,133090,"Novo CAGED"
"2023-04","RJ",122110,103996,"Novo CAGED"
"2023-04","RN",15877,14300,"Novo CAGED"
"2023-04","RO",12199,11391,"Novo CAGED"
"2023-04","RR",3982,3378,"Novo CAGED"
"2023-04","RS",120887,109397,"Novo CAGED"
"2023-04","SC",119009,111997,"Novo CAGED"
"2023-04","SE",9427,9996,"Novo CAGED"
"2023-04","SP",579437,524400,"Novo CAGED"
"2023-04","TO",9269,8387,"Novo CAGED"
"2023-05","AC",4508,3946,"Novo CAGED"
"2023-05","AL",13246,21434,"Novo CAGED"
"2023-05","AM",20191,18304,"Novo CAGED"
"2023-05","AP",3056,2998,"Novo CAGED"
"2023-05","BA",76189,66761,"Novo CAGED"
"2023-05","CE",46216,42781,"Novo CAGED"
"2023-05","DF",33418,31842,"Novo CAGED"
"2023-05","ES",53928,40335,"Novo CAGED"
"2023-05","GO",78198,71901,"Novo CAGED"
"2023-05","MA",20303,17881,"Novo CAGED"
"2023-05","MG",236174,209548,"Novo CAGED"
"2023-05","MS",34253,31003,"Novo CAGED"
"2023-05","MT",52570,49220,"Novo CAGED"
"2023-05","PA",38990,31720,"Novo CAGED"
"2023-05","PB",17235,14367,"Novo CAGED"
"2023-05","PE",47239,46775,"Novo CAGED"
"2023-05","PI",12707,10039,"Novo CAGED"
"2023-05","PR",152265,144480,"Novo CAGED"
"2023-05","RJ",127026,114608,"Novo CAGED"
"2023-05","RN",17162,15404,"Novo CAGED"
"2023-05","RO",14111,12399,"Novo CAGED"
"2023-05","RR",3626,3656,"Novo CAGED"
"2023-05","RS",119159,121670,"Novo CAGED"
"2023-05","SC",128253,124657,"Novo CAGED"
"2023-05","SE",9606,9778,"Novo CAGED"
"2023-05","SP",617248,567136,"Novo CAGED"
"2023-05","TO",10753,9588,"Novo CAGED"
"2023-06","AC",4401,3383,"Novo CAGED"
"2023-06","AL",13549,12084,"Novo CAGED"
"2023-06","AM",20129,17948,"Novo CAGED"
"2023-06","AP",3270,2769,"Novo CAGED"
"2023-06","BA",71199,62880,"Novo CAGED"
"2023-06","CE",48059,41488,"Novo CAGED"
"2023-06","DF",33300,30557,"Novo CAGED"
"2023-06","ES",42581,41945,"Novo CAGED"
"2023-06","GO",76905,71814,"Novo CAGED"
"2023-06","MA",23574,18685,"Novo CAGED"
"2023-06","MG",221608,196071,"Novo CAGED"
"2023-06","MS",31951,28921,"Novo CAGED"
"2023-06","MT",55344,44661,"Novo CAGED"
"2023-06","PA",39757,32905,"Novo CAGED"
"2023-06","PB",14608,14831,"Novo CAGED"
"2023-06","PE",46069,40742,"Novo CAGED"
"2023-06","PI",14092,9922,"Novo CAGED"
"2023-06","PR",145477,137578,"Novo CAGED"
"2023-06","RJ",123639,110149,"Novo CAGED"
"2023-06","RN",18460,15986,"Novo CAGED"
"2023-06","RO",13946,11896,"Novo CAGED"
"2023-06","RR",3300,3421,"Novo CAGED"
"2023-06","RS",112240,112451,"Novo CAGED"
"2023-06","SC",118427,116528,"Novo CAGED"
"2023-06","SE",8940,8308,"Novo CAGED"
"2023-06","SP",586906,550488,"Novo CAGED"
"2023-06","TO",11176,9552,"Novo CAGED"
"2023-07","AC",4213,3472,"Novo CAGED"
"2023-07","AL",13605,11436,"Novo CAGED"
"2023-07","AM",21211,17488,"Novo CAGED"
"2023-07","AP",3809,2818,"Novo CAGED"
"2023-07","BA",72577,67397,"Novo CAGED"
"2023-07","CE",47597,41107,"Novo CAGED"
"2023-07","DF",35042,30767,"Novo CAGED"
"2023-07","ES",41987,40176,"Novo CAGED"
"2023-07","GO",74011,68576,"Novo CAGED"
"2023-07","MA",20932,18346,"Novo CAGED"
"2023-07","MG",212464,200111,"Novo CAGED"
"2023-07","MS",32136,29750,"Novo CAGED"
"2023-07","MT",52869,46655,"Novo CAGED"
"2023-07","PA",38238,31300,"Novo CAGED"
"2023-07","PB",17447,13970,"Novo CAGED"
"2023-07","PE",46226,41825,"Novo CAGED"
"2023-07","PI",13686,9957,"Novo CAGED"
"2023-07","PR",143393,136209,"Novo CAGED"
"2023-07","RJ",122470,109760,"Novo CAGED"
"2023-07","RN",18950,15419,"Novo CAGED"
"2023-07","RO",13639,12667,"Novo CAGED"
"2023-07","RR",3590,3362,"Novo CAGED"
"2023-07","RS",109217,111346,"Novo CAGED"
"2023-07","SC",116639,114419,"Novo CAGED"
"2023-07","SE",9321,8829,"Novo CAGED"
"2023-07","SP",578329,534998,"Novo CAGED"
"2023-07","TO",10375,9212,"Novo CAGED"
"2023-08","AC",4406,3958,"Novo CAGED"
"2023-08","AL",16761,13378,"Novo CAGED"
"2023-08","AM",23053,18500,"Novo CAGED"
"2023-08","AP",4016,3027,"Novo CAGED"
"2023-08","BA",82230,70712,"Novo CAGED"
"2023-08","CE",54276,43344,"Novo CAGED"
"2023-08","DF",37207,33340,"Novo CAGED"
"2023-08","ES",43789,43474,"Novo CAGED"
"2023-08","GO",80421,74270,"Novo CAGED"
"2023-08","MA",22916,20507,"Novo CAGED"
"2023-08","MG",233002,217765,"Novo CAGED"
"2023-08","MS",35694,32468,"Novo CAGED"
"2023-08","MT",54870,50237,"Novo CAGED"
"2023-08","PA",42553,35650,"Novo CAGED"
"2023-08","PB",23284,14502,"Novo CAGED"
"2023-08","PE",59515,43949,"Novo CAGED"
"2023-08","PI",13556,10792,"Novo CAGED"
"2023-08","PR",160230,146662,"Novo CAGED"
"2023-08","RJ",136585,117593,"Novo CAGED"
"2023-08","RN",22036,16061,"Novo CAGED"
"2023-08","RO",14539,12600,"Novo CAGED"
"2023-08","RR",4099,3410,"Novo CAGED"
"2023-08","RS",123106,120545,"Novo CAGED"
"2023-08","SC",131824,125122,"Novo CAGED"
"2023-08","SE",11235,8790,"Novo CAGED"
"2023-08","SP",642890,577428,"Novo CAGED"
"2023-08","TO",12076,9745,"Novo CAGED"
"2023-09","AC",3804,3444,"Novo CAGED"
"2023-09","AL",27443,11283,"Novo CAGED"
"2023-09","AM",19809,16836,"Novo CAGED"
"2023-09","AP",3852,2825,"Novo CAGED"
"2023-09","BA",72460,62606,"Novo CAGED"
"2023-09","CE",50402,39919,"Novo CAGED"
"2023-09","DF",34061,29968,"Novo CAGED"
"2023-09","ES",40325,35910,"Novo CAGED"
"2023-09","GO",74409,69920,"Novo CAGED"
"2023-09","MA",21453,18603,"Novo CAGED"
"2023-09","MG",208504,195873,"Novo CAGED"
"2023-09","MS",31656,29855,"Novo CAGED"
"2023-09","MT",51655,47245,"Novo CAGED"
"2023-09","PA",40525,31484,"Novo CAGED"
"2023-09","PB",17766,13573,"Novo CAGED"
"2023-09","PE",57870,39006,"Novo CAGED"
"2023-09","PI",12627,10133,"Novo CAGED"
"2023-09","PR",142469,133423,"Novo CAGED"
"2023-09","RJ",126868,108870,"Novo CAGED"
"2023-09","RN",19348,15094,"Novo CAGED"
"2023-09","RO",13191,11826,"Novo CAGED"
"2023-09","RR",3981,3218,"Novo CAGED"
"2023-09","RS",104420,103153,"Novo CAGED"
"2023-09","SC",122880,110863,"Novo CAGED"
"2023-09","SE",13883,7927,"Novo CAGED"
"2023-09","SP",582205,534899,"Novo CAGED"
"2023-09","TO",10306,8985,"Novo CAGED"
"2023-10","AC",3915,3788,"Novo CAGED"
"2023-10","AL",15583,11420,"Novo CAGED"
"2023-10","AM",20125,17392,"Novo CAGED"
"2023-10","AP",3713,3260,"Novo CAGED"
"2023-10","BA",71894,65989,"Novo CAGED"
"2023-10","CE",47610,41480,"Novo CAGED"
"2023-10","DF",35858,30679,"Novo CAGED"
"2023-10","ES",41141,37717,"Novo CAGED"
"2023-10","GO",74489,73807,"Novo CAGED"
"2023-10","MA",20936,18579,"Novo CAGED"
"2023-10","MG",208034,203127,"Novo CAGED"
"2023-10","MS",31222,28957,"Novo CAGED"
"2023-10","MT",50197,48310,"Novo CAGED"
"2023-10","PA",37201,32338,"Novo CAGED"
"2023-10","PB",16801,13028,"Novo CAGED"
"2023-10","PE",49552,41280,"Novo CAGED"
"2023-10","PI",12400,10213,"Novo CAGED"
"2023-10","PR",149544,134599,"Novo CAGED"
"2023-10","RJ",127037,108234,"Novo CAGED"
"2023-10","RN",16808,14551,"Novo CAGED"
"2023-10","RO",12536,12132,"Novo CAGED"
"2023-10","RR",3332,3447,"Novo CAGED"
"2023-10","RS",115882,105116,"Novo CAGED"
"2023-10","SC",125333,113302,"Novo CAGED"
"2023-10","SE",10055,8452,"Novo CAGED"
"2023-10","SP",621054,551612,"Novo CAGED"
"2023-10","TO",10867,9109,"Novo CAGED"
"2023-11","AC",3790,3547,"Novo CAGED"
"2023-11","AL",14582,11748,"Novo CAGED"
"2023-11","AM",19630,17046,"Novo CAGED"
"2023-11","AP",3362,2948,"Novo CAGED"
"2023-11","BA",70975,63601,"Novo CAGED"
"2023-11","CE",45220,40546,"Novo CAGED"
"2023-11","DF",33194,29142,"Novo CAGED"
"2023-11","ES",39677,37905,"Novo CAGED"
"2023-11","GO",69259,76332,"Novo CAGED"
"2023-11","MA",19829,18400,"Novo CAGED"
"2023-11","MG",199066,198258,"Novo CAGED"
"2023-11","MS",31537,29619,"Novo CAGED"
"2023-11","MT",44735,48913,"Novo CAGED"
"2023-11","PA",34128,34179,"Novo CAGED"
"2023-11","PB",16477,12820,"Novo CAGED"
"2023-11","PE",50528,42864,"Novo CAGED"
"2023-11","PI",11601,11725,"Novo CAGED"
"2023-11","PR",141360,133518,"Novo CAGED"
"2023-11","RJ",130370,106856,"Novo CAGED"
"2023-11","RN",18370,15028,"Novo CAGED"
"2023-11","RO",12161,11645,"Novo CAGED"
"2023-11","RR",3822,3405,"Novo CAGED"
"2023-11","RS",114640,102841,"Novo CAGED"
"2023-11","SC",117156,110484,"Novo CAGED"
"2023-11","SE",9485,7746,"Novo CAGED"
"2023-11","SP",594400,547127,"Novo CAGED"
"2023-11","TO",9562,9080,"Novo CAGED"
"2023-12","AC",3461,3825,"Novo CAGED"
"2023-12","AL",11015,10914,"Novo CAGED"
"2023-12","AM",15411,18247,"Novo CAGED"
"2023-12","AP",2795,3582,"Novo CAGED"
"2023-12","BA",58434,75733,"Novo CAGED"
"2023-12","CE",35081,38806,"Novo CAGED"
"2023-12","DF",27519,33250,"Novo CAGED"
"2023-12","ES",34300,41170,"Novo CAGED"
"2023-12","GO",56825,73053,"Novo CAGED"
"2023-12","MA",14815,18501,"Novo CAGED"
"2023-12","MG",162415,208925,"Novo CAGED"
"2023-12","MS",23150,31551,"Novo CAGED"
"2023-12","MT",38326,50577,"Novo CAGED"
"2023-12","PA",26470,37230,"Novo CAGED"
"2023-12","PB",11954,13458,"Novo CAGED"
"2023-12","PE",39307,47942,"Novo CAGED"
"2023-12","PI",8087,11566,"Novo CAGED"
"2023-12","PR",109632,144526,"Novo CAGED"
"2023-12","RJ",118038,121649,"Novo CAGED"
"2023-12","RN",13449,16016,"Novo CAGED"
"2023-12","RO",9251,11457,"Novo CAGED"
"2023-12","RR",2613,3465,"Novo CAGED"
"2023-12","RS",87047,115879,"Novo CAGED"
"2023-12","SC",90807,129285,"Novo CAGED"
"2023-12","SE",7753,8497,"Novo CAGED"
"2023-12","SP",481166,645103,"Novo CAGED"
"2023-12","TO",7523,9522,"Novo CAGED"
